Location ID,Suburb,Address,Post Code,GPS Lat,GPS Long,Job ID,Field Technician ID
1,Main Beach,Tedder and Lennie Avenue,4217,-28.0011707,153.4283167,L001375AU1-400-25334,5241
2,Nerang,"Weedens Nerang Gilston Roads
93000019166",4211,-28.0005089,153.3277694,L001503AU1-399-27453,5467
3,Stapylton,55 Burnside Road,4207,-27.7506633,153.2470787,L001584AU1-398-27639,29535
4,Mermaid Beach,6 Seagull Avenue,4218,-28.06029562,153.4407026,L001706AU1-398-25932,5258
5,Main Beach,28 Lennie Avenue,4217,-27.97706288,153.4243605,L001727AU1-399-25491,5241
6,Main Beach,2/28 Lennie Avenue,4217,-27.97706288,153.4243605,L001738AU1-400-26497,5241
7,Paradise Point,14 King Charles Drive,4217,-27.87403921,153.4081262,L001776AU1-397-1111091302,29535
8,Paradise Point,14 King Charles Drive,4217,-27.87403921,153.4081262,L001776AU1-397-1111091305,29535
9,Beaudesert,64 Brisbane Street,4285,-27.9890692,152.9959574,L001865AU1-398-1111171026,29535
10,Sovereign Island,6 King Charles Drive,4216,-27.8741186,153.4070593,L001870AU1-400-29594,29535
11,Broadbeach,16 Queensland Avenue,4218,-28.0271464,153.4326081,L001894AU1-397-7244,5258
12,Southport,Ferry Road and Drury Avenue,4215,-27.9673072,153.4145154,L001933AU1-397-1615,5320
13,Hope Island,2321 Cressbrook Drive,4212,-27.8714,153.3381779,L001973AU1-398-30042,29535
14,Labrador,26 Bath Street,4215,-27.93850844,153.4059198,L001980AU1-400-31040,5467
15,Mermaid Beach,1 Wave  Street,4218,-28.0570144,153.4411222,L002031AU1-398-31274,5629
16,Southport,Sapium Road,4215,-27.9673072,153.4145154,L002047AU1-400-31340,5237
17,Currumbin,28 Tomewin Street,4223,-28.13555627,153.4880853,L002528AU1-399-1170,1049
18,Robina,34-36 Glenferrie Drive,4226,-28.0642217,153.4018191,L003333AU1-399-1791,5237
19,Biggera Waters,3 Parr Street,4216,-27.9329544,153.4062859,L003447AU1-397-1906,29535
20,Bilinga,34 Pacific Parade,4225,-28.1651684,153.5208735,L003493AU1-397-6652,5629
21,Robina,34-36 Glenferrie Drive,4226,-28.0642217,153.4018191,L003547AU1-399-960,5237
22,Southport,60 Ridgeway Avenue,4215,-27.98411953,153.4041112,L003549AU1-397-954,29535
23,Paradise Point,9 Erroll Avenue,4216,-27.88873113,153.3962748,L003751AU1-398-449,29535
24,Surfers Paradise,41 Cavill Avenue,4217,-28.001808,153.4284536,L003994AU1-398-1437,5241
25,Biggera Waters,Biggera Waters,4216,-27.8335086,153.4213208,L004469AU1-397-23680,29535
26,Broadbeach,Hooker Boulevarde,4218,-28.0364102,153.4176229,L004758AU1-400-23768,5237
27,Surfers Paradise,13 Cavill Avenue,4217,-28.0020201,153.4295178,L004759AU1-398-24159,5241
28,Main Beach,32 Hughes Avenue,4217,-27.97788934,153.4246338,L004944AU1-400-24343,5467
29,Broadbeach,2 Elizabeth Avenue,4218,-28.0306876,153.4342526,M005264AU1-397-2348,5258
30,Surfers Paradise,34 Hanlan Street,4217,-28.00312299,153.4297778,M005605AU1-397-2592,5241
31,Main Beach,15 Pacific Street,4217,-27.98212399,153.4278635,M005725AU1-398-2683,5467
32,Main Beach,15 Pacific Street,4217,-27.98212399,153.4278635,M005725AU1-400-2683,5241
33,Surfers Paradise,3343 Gold Coast Highway,4217,-27.9958642,153.4276743,M006026AU1-397-2901,5241
34,Surfers Paradise,3343 Gold Coast Highway,4217,-27.9958642,153.4276743,M006026AU1-399-2901,5241
35,Surfers Paradise,3051 Gold Coast Highway,4217,-28.0054369,153.4280733,M006044AU1-397-2915,5241
36,Surfers Paradise,3051 Gold Coast Highway,4217,-28.0054369,153.4280733,M006044AU1-399-2915,5258
37,Surfers Paradise,3051 Gold Coast Highway,4217,-28.0054369,153.4280733,M006044AU1-400-1111291050,5258
38,Burleigh Heads,2 Goodwin Terrace,4220,-28.090182,153.4571747,M006058AU1-397-2927,5629
39,Burleigh Heads,2 Goodwin Terrace,4220,-28.090182,153.4571747,M006058AU1-399-2927,5629
40,Labrador,224 Marine Parade,4215,-27.95150866,153.4092805,M006313AU1-399-3130,29535
41,Burleigh Heads,22 Goodwin Terrace,4220,-28.09002512,153.4561474,M006343AU1-400-3156,5629
42,Southport,40 Nerang and Scarborough Streets,4215,-27.9673072,153.4145154,M006524AU1-400-3319,5467
43,Burleigh Heads,82 The Esplanade and Second Avenue,4220,-28.0731517,153.4440146,M006677AU1-397-3460,5629
44,Burleigh Heads,82 The Esplanade and Second Avenue,4220,-28.0731517,153.4440146,M006677AU1-399-3460,5629
45,Burleigh Heads,166 The Esplanade,4220,-28.0802477,153.4482839,M006694AU1-399-3473,5629
46,Coolangatta,32 Powell Crescent,4225,-28.16763973,153.5337407,M006765AU1-397-3537,1049
47,Coolangatta,32 Powell Crescent,4225,-28.16763973,153.5337407,M006765AU1-400-3537,1049
48,Surfers Paradise,9-11 Garfield Terrace,4217,-28.0127966,153.431923,M006771AU1-397-3541,5258
49,Surfers Paradise,9-11 Garfield Terrace,4217,-28.0127966,153.431923,M006771AU1-399-3541,5258
50,Surfers Paradise,29 Northcliffe Terrace,4217,-28.0077583,153.4312969,M006911AU1-398-3671,5258
51,Surfers Paradise,29 Northcliffe Terrace,4217,-28.0077583,153.4312969,M006911AU1-400-3671,5258
52,Tweed Heads,Florence Street,2485,-28.1754507,153.5395358,M007587AU1-397-4367,1049
53,Tweed Heads,Florence Street,2485,-28.1754507,153.5395358,M007587AU1-399-4367,1049
54,Surfers Paradise,46 Cavill Avenue,4217,-28.00160298,153.427182,M008017AU1-397-4815,5241
55,Surfers Paradise,46 Cavill Avenue,4217,-28.00160298,153.427182,M008017AU1-399-4815,5258
56,Surfers Paradise,1 Peninsular Drive,4217,-28.006848,153.4229057,M008057AU1-398-4850,5241
57,Surfers Paradise,150 The Esplanade,4217,-28.0045258,153.4175183,M008065AU1-397-4857,5467
58,Surfers Paradise,150 The Esplanade,4217,-28.0045258,153.4175183,M008065AU1-399-4857,5241
59,Miami,40 Marine Parade,4220,-28.06698909,153.4439173,M008077AU1-397-4869,5629
60,Miami,40 Marine Parade,4220,-28.06698909,153.4439173,M008077AU1-399-4869,5629
61,Burleigh Heads,35 Connor Street,4220,-28.0903017,153.4516396,M008086AU1-397-4876,5629
62,Surfers Paradise,60 The Esplanade,4217,-28.00558398,153.4179549,M008093AU1-398-4884,5241
63,Surfers Paradise,11 Riverview Parade,4217,-27.9981163,153.4267001,M008095AU1-397-4886,5241
64,Surfers Paradise,20 Old Burleigh Road,4217,-28.0140079,153.4314083,M008099AU1-397-4890,5241
65,Surfers Paradise,20 Old Burleigh Road,4217,-28.0140079,153.4314083,M008099AU1-400-4890,5629
66,Surfers Paradise,37 Monaco Street,4217,-28.0176985,153.428851,M008140AU1-397-4930,5258
67,Surfers Paradise,37 Monaco Street,4217,-28.0176985,153.428851,M008140AU1-398-4930,5258
68,Surfers Paradise,37 Monaco Street,4217,-28.0176985,153.428851,M008140AU1-399-4930,5629
69,Surfers Paradise,38 Orchid Avenue,4217,-27.999021,153.4293628,M008152AU1-398-4942,5241
70,Surfers Paradise,38 Orchid Avenue,4217,-27.999021,153.4293628,M008152AU1-400-4942,5258
71,Main Beach,3545 Main Beach Parade,4217,-27.9808439,153.4290673,M008195AU1-397-4983,5467
72,Main Beach,3545 Main Beach Parade,4217,-27.9808439,153.4290673,M008195AU1-398-4983,5467
73,Main Beach,3545 Main Beach Parade,4217,-27.9808439,153.4290673,M008195AU1-400-4983,5467
74,Bundall,146 Bundall Road,4217,-28.0005385,153.4141875,M008210AU1-399-4996,5237
75,Surfers Paradise,2 Thornton Avenue,4217,-28.0103207,153.4316446,M008212AU1-397-4998,5258
76,Surfers Paradise,2 Thornton Avenue,4217,-28.0103207,153.4316446,M008212AU1-398-4998,5258
77,Surfers Paradise,2 Thornton Avenue,4217,-28.0103207,153.4316446,M008212AU1-399-4998,5258
78,Surfers Paradise,2 Thornton Avenue,4217,-28.0103207,153.4316446,M008212AU1-400-4998,5258
79,Surfers Paradise,43 Enderly Avenue,4217,-28.0084029,153.4278925,M008261AU1-399-5050,5258
80,Nobby Beach,2 Lavarack Road,4218,-28.0589018,153.4418898,M008318AU1-397-5102,5258
81,Surfers Paradise,3142 Gold Coast Highway,4217,-28.0017971,153.4264662,M008323AU1-398-5107,5241
82,Surfers Paradise,3142 Gold Coast Highway,4217,-28.0017971,153.4264662,M008323AU1-400-5107,5258
83,Surfers Paradise,18 Aubrey Street,4217,-28.01127135,153.4307177,M008364AU1-397-5145,5258
84,Surfers Paradise,18 Aubrey Street,4217,-28.01127135,153.4307177,M008364AU1-399-5145,5258
85,Southport,7-11 Short Street,4215,-27.969954,153.416284,M008383AU1-397-5165,5320
86,Burleigh Heads,29 Hill Avenue,4220,-28.0920427,153.4490784,M008385AU2-399-5168,5629
87,BUNDALL,140 Bundall Road,4217,-28.001513,153.413684,M008389AU1-397-5172,29535
88,BUNDALL,140 Bundall Road,4217,-28.001513,153.413684,M008389AU1-399-5172,5237
89,Surfers Paradise,72-80 The  Esplanade,4217,-28.0045258,153.4175183,M008391AU1-398-5174,5241
90,Surfers Paradise,72-80 The  Esplanade,4217,-28.0045258,153.4175183,M008391AU1-400-5174,5241
91,Paradise Waters,3 Admiralty Drive,4216,-27.8335086,153.4213208,M008394AU1-398-5177,5241
92,Paradise Waters,3 Admiralty Drive,4216,-27.8335086,153.4213208,M008394AU1-400-5177,5241
93,Currumbin,828 Pacific Parade,4223,-28.1286501,153.4866861,M008433AU1-398-5218,5629
94,Currumbin,828 Pacific Parade,4223,-28.1286501,153.4866861,M008433AU1-399-5218,1049
95,Currumbin,828 Pacific Parade,4223,-28.1286501,153.4866861,M008433AU1-400-5218,1049
96,Surfers Paradise,7 Fern Street,4217,-28.0132104,153.4309306,M008455AU1-399-5239,5258
97,Surfers Paradise,7 Fern Street,4217,-28.0132104,153.4309306,M008455AU1-400-5239,5258
98,Broadbeach,167 Old Burleigh Road,4218,-28.0306876,153.4342526,M008531AU1-398-5316,5258
99,Broadbeach,167 Old Burleigh Road,4218,-28.0306876,153.4342526,M008531AU1-400-5316,5629
100,Kirra,Appel Street,4225,-28.1722825,153.5282244,M008809AU1-399-5601,1049
101,Surfers Paradise,26 Old Burleigh Road,4217,-28.01453112,153.4315882,M008887AU1-399-5682,5629
102,Main Beach,1 Serisier Street,4217,-27.9823217,153.4265354,M008939AU1-398-5736,5467
103,Main Beach,1 Serisier Street,4217,-27.9823217,153.4265354,M008939AU1-399-5736,5241
104,Main Beach,1 Serisier Street,4217,-27.9823217,153.4265354,M008939AU1-400-5736,5241
105,Kirra,6 Coyne Street,4225,-28.1669881,153.5255189,M008941AU1-397-5738,5629
106,Kirra,6 Coyne Street,4225,-28.1669881,153.5255189,M008941AU1-398-5738,5629
107,Kirra,6 Coyne Street,4225,-28.1669881,153.5255189,M008941AU1-399-5738,1049
108,Kirra,6 Coyne Street,4225,-28.1669881,153.5255189,M008941AU1-400-5738,1049
109,Main Beach,3 Tedder Avenue,4217,-27.9812536,153.4245809,M008964AU1-397-5760,5467
110,Southport,26 Marine Parade,4215,-27.9693409,153.4170884,M008967AU1-398-5763,5320
111,Main Beach,3510 Main Beach Parade,4217,-27.9816831,153.4291027,M008979AU1-397-5776,5467
112,Main Beach,3510 Main Beach Parade,4217,-27.9816831,153.4291027,M008979AU1-399-5776,5241
113,Main Beach,2 Montgomery Avenue,4217,-27.9760661,153.4274056,M008982AU1-399-5779,5467
114,Burleigh Heads,Second Avenue,4220,-28.0844975,153.4487482,M009008AU1-397-5803,5629
115,Burleigh Heads,Second Avenue,4220,-28.0844975,153.4487482,M009008AU1-398-5803,5629
116,Burleigh Heads,Second Avenue,4220,-28.0844975,153.4487482,M009008AU1-399-5803,5629
117,Burleigh Heads,Second Avenue,4220,-28.0844975,153.4487482,M009008AU1-400-5803,5629
118,Burleigh Heads,Sixth Avenue,4220,-28.0765085,153.4461261,M009010AU1-398-5805,5629
119,Burleigh Heads,Sixth Avenue,4220,-28.0765085,153.4461261,M009010AU1-400-5805,5629
120,Southport,Nind and Scarborough Streets,4215,-27.9647605,153.4107119,M009015AU1-397-5811,5320
121,Surfers Paradise,64 Ferny Avenue,4217,-27.99725499,153.4273724,M009047AU1-397-5843,5241
122,Surfers Paradise,64 Ferny Avenue,4217,-27.99725499,153.4273724,M009047AU1-400-5843,5241
123,Southport,32 Bauer Street,4215,-27.97643441,153.4156886,M009080AU1-398-4451,5320
124,Southport,Lenneberg Street,4215,-27.9750701,153.4143342,M009080AU1-399-5877,5467
125,Main Beach,3468 Main Beach Parade,4217,-27.9833366,153.4292688,M009147AU1-398-5946,5467
126,Main Beach,3468 Main Beach Parade,4217,-27.9833366,153.4292688,M009147AU1-400-5946,5241
127,Biggera Waters,Marine Parade and Taylor Street,4216,-27.8335086,153.4213208,M009153AU1-398-5952,29535
128,Biggera Waters,Marine Parade and Taylor Street,4216,-27.8335086,153.4213208,M009153AU1-400-5952,29535
129,Main Beach,32 Breaker Street,4217,-27.98141766,153.4256688,M009175AU1-398-5973,5467
130,Main Beach,32 Breaker Street,4217,-27.98141766,153.4256688,M009175AU1-399-5973,5241
131,Main Beach,32 Breaker Street,4217,-27.98141766,153.4256688,M009175AU1-400-5973,5241
132,Miami,2007 Gold Coast Highway,4220,-28.0749511,153.4449785,M009182AU1-398-5981,5629
133,Miami,2007 Gold Coast Highway,4220,-28.0749511,153.4449785,M009182AU1-400-5981,5629
134,Surfers Paradise,50 Cavill Avenue,4217,-28.0015444,153.4268186,M009187AU1-397-5987,5241
135,Surfers Paradise,50 Cavill Avenue,4217,-28.0015444,153.4268186,M009187AU1-398-5987,5241
136,Surfers Paradise,50 Cavill Avenue,4217,-28.0015444,153.4268186,M009187AU1-399-5987,5258
137,Surfers Paradise,158 Ferny Avenue,4217,-27.9913368,153.4281193,M009267AU1-397-927,5467
138,Surfers Paradise,158 Ferny Avenue,4217,-27.9913368,153.4281193,M009267AU1-398-927,5467
139,Surfers Paradise,158 Ferny Avenue,4217,-27.9913368,153.4281193,M009267AU1-399-927,5320
140,Surfers Paradise,158 Ferny Avenue,4217,-27.9913368,153.4281193,M009267AU1-400-927,5320
141,Palm Beach,1085 Gold Coast Highway,4221,-28.11979101,153.4719543,M009286AU1-399-948,1049
142,Tweed Heads,8 Thomson Street,2485,-28.17120709,153.5404704,M009384AU1-397-1,1049
143,Main Beach,29 Woodroffe Avenue,4217,-27.9796822,153.4252618,M009414AU1-397-48,5320
144,Main Beach,29 Woodroffe Avenue,4217,-27.9796822,153.4252618,M009414AU1-399-48,5467
145,Surfers Paradise,1 Paradise Island,4217,-28.005414,153.4264169,M009500AU1-399-182,5258
146,Surfers Paradise,1 Paradise Island,4217,-28.005414,153.4264169,M009500AU1-400-182,5258
147,Main Beach,22 Montgomery Avenue,4217,-27.9758107,153.425641,M009585AU1-397-416,5320
148,Main Beach,22 Montgomery Avenue,4217,-27.9758107,153.425641,M009585AU1-399-416,5467
149,Broadbeach,29 Broadbeach Boulevarde,4218,-28.0224505,153.4338113,M009592AU1-397-9555,5258
150,Kirra,127 Musgrave Street,4225,-28.1685326,153.5326056,M009618AU1-397-500,5629
151,Kirra,127 Musgrave Street,4225,-28.1685326,153.5326056,M009618AU1-399-500,1049
152,Surfers Paradise,Gold Coast Highway and Staghorn Street,4217,-28.0011707,153.4283167,M009667AU1-397-5685,5467
153,Surfers Paradise,Gold Coast Highway and Staghorn Street,4217,-28.0011707,153.4283167,M009667AU1-398-5685,5467
154,Surfers Paradise,Gold Coast Highway and Staghorn Street,4217,-28.0011707,153.4283167,M009667AU1-399-5685,5320
155,Surfers Paradise,Gold Coast Highway and Staghorn Street,4217,-28.0011707,153.4283167,M009667AU1-400-5685,5320
156,Miami,2019 Gold Coast Highway,4220,-28.0741524,153.4447798,M009668AU1-398-7558,5629
157,Biggera Waters,540 Marine Parade,4216,-27.9289992,153.4058351,M009689AU1-400-6596,29535
158,Surfers Paradise,5 View Avenue,4217,-27.9978508,153.4302841,M009750AU1-399-6101,5258
159,Surfers Paradise,4 Staghorn Avenue,4217,-27.995065,153.4289246,M009754AU1-398-6105,5241
160,Surfers Paradise,4 Staghorn Avenue,4217,-27.995065,153.4289246,M009754AU1-400-6105,5241
161,Surfers Paradise,3-15 Orchid Avenue,4217,-28.0008978,153.4295646,M009778AU1-397-6124,5241
162,Surfers Paradise,3-15 Orchid Avenue,4217,-28.0008978,153.4295646,M009778AU1-399-6124,5258
163,Surfers Paradise,Higman Street,4217,-27.99106285,153.4293614,M009790AU1-399-6135,5241
164,Surfers Paradise,2-18 Riverview Parade,4217,-27.9981163,153.4267001,M009843AU1-397-6185,5241
165,Surfers Paradise,2-18 Riverview Parade,4217,-27.9981163,153.4267001,M009843AU1-400-6185,5241
166,Biggera Waters,554 Marine Parade,4216,-27.9289992,153.4058351,M009846AU1-399-6188,29535
167,Surfers Paradise,114 The Esplanade,4217,-28.0045258,153.4175183,M009895AU1-397-6231,5467
168,Surfers Paradise,114 The Esplanade,4217,-28.0045258,153.4175183,M009895AU1-399-6231,5241
169,Surfers Paradise,40 Ferny Avenue,4217,-27.9993389,153.4270175,M009962AU1-397-6290,5241
170,Surfers Paradise,204 Ferny Avenue,4217,-27.9900417,153.4288117,M009999AU1-399-6323,5241
171,Coolangatta,34 Tweed Street,4225,-28.17082624,153.5336907,M051088AU1-398-4184,5629
172,Coolangatta,34 Tweed Street,4225,-28.17082624,153.5336907,M051088AU1-400-4184,1049
173,Tweed Heads,4 Minjungbal Drive,2485,-28.1868997,153.5228386,M051094AU1-398-4223,1049
174,Tweed Heads,4 Minjungbal Drive,2485,-28.1868997,153.5228386,M051094AU1-400-4223,1049
175,Main Beach,20 Cronin Avenue,4217,-27.9804925,153.4251153,M051095AU1-398-4015,5467
176,Southport,33 Scarborough Street,4215,-27.97101078,153.4152087,M051096AU1-399-3989,5467
177,Surfers Paradise,9 Beach Road,4217,-28.0026147,153.427622,M051098AU1-397-3975,5241
178,Surfers Paradise,9 Beach Road,4217,-28.0026147,153.427622,M051098AU1-398-3975,5241
179,Surfers Paradise,9 Beach Road,4217,-28.0026147,153.427622,M051098AU1-399-3975,5258
180,Coolangatta,Marine Parade and Warner Street,4225,-28.1683513,153.5384803,M051100AU1-398-3954,1049
181,Coolangatta,Marine Parade and Warner Street,4225,-28.1683513,153.5384803,M051100AU1-399-3954,5630
182,Coolangatta,Marine Parade and Warner Street,4225,-28.1683513,153.5384803,M051100AU1-400-3954,5630
183,Bundall,87-89 Upton Street,4217,-28.00244968,153.4114672,M051102AU1-399-4135,5237
184,Southport,34 High Street,4215,-27.9704574,153.4101256,M051105AU1-397-3767,5320
185,Southport,34 High Street,4215,-27.9704574,153.4101256,M051105AU1-399-3767,5467
186,Biggera Waters,15 Brighton Street,4216,-27.93616807,153.4057906,M051107AU1-399-4106,29535
187,Currumbin,Mirraba Street and Pacific Parade,4223,-28.1555663,153.4724597,M051108AU1-399-4068,1049
188,Rainbow Bay,184-190 Marine Parade,4225,-28.1649557,153.5470277,M051110AU1-397-3802,1049
189,Rainbow Bay,184-190 Marine Parade,4225,-28.1649557,153.5470277,M051110AU1-399-3802,1049
190,Tweed Heads,53 Bay Street,2485,-28.171204,153.546496,M051111AU1-398-3772,1049
191,Tweed Heads,53 Bay Street,2485,-28.171204,153.546496,M051111AU1-400-3772,1049
192,Southport,3 Short Street,4215,-27.9700469,153.4171855,M051115AU1-398-3783,5320
193,Southport,3 Short Street,4215,-27.9700469,153.4171855,M051115AU1-400-3783,5467
194,Mermaid Beach,5 Francis Street,4218,-28.04270989,153.4371888,M051116AU1-398-3796,5258
195,Broadbeach,1 Britannia Avenue,4218,-28.0233321,153.4339627,M051118AU1-398-3921,5258
196,Broadbeach,1 Britannia Avenue,4218,-28.0233321,153.4339627,M051118AU1-399-3921,5629
197,Rainbow Bay,5 Eden Avenue,4225,-28.1644025,153.5497185,M051121AU1-398-29519,5629
198,Rainbow Bay,5 Eden Avenue,4225,-28.1644025,153.5497185,M051121AU1-400-29519,1049
199,Southport,17 Short Street,4215,-27.9703019,153.4158908,M051126AU1-397-4581,5320
200,Coolangatta,162 Marine Parade,4225,-28.1649793,153.5468957,M051130AU1-399-4604,1049
201,Main Beach,3544 Main Beach Parade,4217,-27.9808439,153.4290673,M051133AU1-397-4456,5467
202,Main Beach,3544 Main Beach Parade,4217,-27.9808439,153.4290673,M051133AU1-399-4456,5467
203,Southport,19 Short Street,4215,-27.9703019,153.4158908,M051134AU1-399-4522,5467
204,Palm Beach,1111 Gold Coast Highway,4221,-28.12197134,153.4731966,M051135AU1-399-4535,1049
205,Biggera Waters,524 Marine Parade,4216,-27.9289992,153.4058351,M051138AU1-397-4630,29535
206,Coolangatta,72-80 Marine Parade,4225,-28.1674652,153.5392522,M051139AU1-397-4339,1049
207,Coolangatta,72-80 Marine Parade,4225,-28.1674652,153.5392522,M051139AU1-398-4339,1049
208,Coolangatta,72-80 Marine Parade,4225,-28.1674652,153.5392522,M051139AU1-399-4339,1049
209,Coolangatta,72-80 Marine Parade,4225,-28.1674652,153.5392522,M051139AU1-400-4339,1049
210,Main Beach,73 Seaworld Drive,4217,-27.96801569,153.42699,M051142AU1-399-3782,5467
211,Bundall,9 Ouyan Street,4217,-28.0032293,153.4169989,M051143AU1-397-4397,29535
212,Bundall,9 Ouyan Street,4217,-28.0032293,153.4169989,M051143AU1-399-4397,5237
213,Surfers Paradise,3061 Gold Coast Highway,4217,-28.0054369,153.4280733,M051144AU1-399-4404,5258
214,Main Beach,3488 Main Beach Parade,4217,-27.9833366,153.4292688,M051152AU1-398-7242,5467
215,Bundall,47 Ashmore Road,4217,-28.01043135,153.4064952,M051154AU1-399-7257,5237
216,Southport,"Scarborough and Nerang Streets
93000020628/633",4215,-27.9673072,153.4145154,M051155AU1-400-7258,5467
217,Southport,Davenport Street 93000020165,4215,-27.9680016,153.4130352,M051157AU1-400-7266,5467
218,Ashmore,Heeb and Benowa Roads93000020519/536,4214,-27.947495,153.3730075,M051158AU1-400-7273,5237
219,Ashmore,Heeb and Benowa Roads93000020519/536,4214,-27.947495,153.3730075,M051158AU2-400-7273,5237
220,Runaway Bay,247 Bayview Street,4216,-27.9026443,153.4014281,M051424AU1-400-4372,29535
221,Coolangatta,1 Tweed Terrace,4225,-28.1649735,153.5505646,M051428AU1-400-7206,1049
222,Burleigh Heads,170 The Esplanade,4220,-28.0802477,153.4482839,M051438AU1-398-26687,5629
223,Burleigh Heads,170 The Esplanade,4220,-28.0802477,153.4482839,M051438AU1-400-26687,5629
224,Southport,60 Marine Parade,4215,-27.9658142,153.4158379,M077012AU1-399-6335,5467
225,Southport,103 Nerang Street,4215,-27.9703219,153.4090011,M077424AU1-397-22392,5320
226,Southport,103 Nerang Street,4215,-27.9703219,153.4090011,M077424AU1-400-22392,5467
227,Southport,21 Spendelove Street,4215,-27.97322761,153.4081221,M077448AU1-397-4600,5320
228,Southport,21 Spendelove Street,4215,-27.97322761,153.4081221,M077448AU1-399-4600,5467
229,Robina,69 Laver Drive,4226,-28.077164,153.3793487,M077474AU1-397-23277,5237
230,Surfers Paradise,3032 Gold Coast Highway,4217,-28.0054369,153.4280733,M090021AU1-398-9098,5258
231,Surfers Paradise,3032 Gold Coast Highway,4217,-28.0054369,153.4280733,M090021AU1-400-9098,5258
232,Runaway Bay,28-30 Oatland Esplanade,4216,-27.9213461,153.4065994,M090038AU1-399-9508,29535
233,Ashmore,Edmund Rice Drive,4214,-27.947495,153.3730075,M090071AU1-398-10168,5320
234,Broadbeach,Hooker Boulevard,4218,-28.0364102,153.4176229,M090077AU1-397-6090,5237
235,Tweed Heads,Pacific Highway,2485,-28.1868997,153.5228386,M090120AU1-399-9703,5630
236,Tweed Heads,Wharf Street,2485,-28.17360924,153.5425965,M090120AU2-397-4616,5629
237,Tweed Heads,Wharf Street,2485,-28.17360924,153.5425965,M090120AU2-399-4616,5630
238,Tweed Heads,5 Wharf Street,2485,-28.1686769,153.5437225,M090120AU3-397-22389,5629
239,Tweed Heads,5 Wharf Street,2485,-28.1686769,153.5437225,M090120AU3-399-22389,5630
240,Banora Point,Leisure Drive,2486,-28.2123942,153.533988,M090120AU4-400-945,1049
241,Broadbeach,100 Old Burleigh Road,4218,-28.02045469,153.4324961,M090140AU1-397-9861,5258
242,Broadbeach,100 Old Burleigh Road,4218,-28.02045469,153.4324961,M090140AU1-398-9861,5258
243,Broadbeach,100 Old Burleigh Road,4218,-28.02045469,153.4324961,M090140AU1-399-9861,5629
244,Broadbeach,100 Old Burleigh Road,4218,-28.02045469,153.4324961,M090140AU1-400-9861,5629
245,Surfers Paradise,2 Fern Street,4217,-28.0132104,153.4309306,M090147AU1-399-9693,5258
246,Mudgeeraba,Somerset Drive,4213,-28.0918287,153.3720323,M090149AU1-400-26986,5237
247,Currumbin,11 Panorama Drive,4223,-28.13425689,153.4805875,M090188AU1-399-107,1049
248,Surfers Paradise,5-19 Palm Avenue,4217,-27.995944,153.4282739,M090194AU1-397-10032,5467
249,Surfers Paradise,5-19 Palm Avenue,4217,-27.995944,153.4282739,M090194AU1-398-10032,5467
250,Surfers Paradise,5-19 Palm Avenue,4217,-27.995944,153.4282739,M090194AU1-399-10032,5320
251,Surfers Paradise,5-19 Palm Avenue,4217,-27.995944,153.4282739,M090194AU1-400-10032,5320
252,Isle of Capri,Via Roma,4217,-28.01240847,153.423054,M090202AU1-398-10140,5258
253,Main Beach,1 Hughes Avenue,4217,-27.9781703,153.427053,M090226AU1-399-10048,5241
254,Palm Beach,1439 Gold Coast Highway,4221,-28.1045423,153.463502,M090284AU1-397-6666,5629
255,Palm Beach,1439 Gold Coast Highway,4221,-28.1045423,153.463502,M090284AU1-399-6666,1049
256,Surfers Paradise,13-25 Garfield Terrace,4217,-28.0120915,153.4318669,M090321AU1-397-9655,5258
257,Surfers Paradise,13-25 Garfield Terrace,4217,-28.0120915,153.4318669,M090321AU1-400-9655,5629
258,Broadbeach,93 Old Burleigh Road,4218,-28.0193104,153.4324433,M090339AU1-400-10429,5629
259,Hope Harbour,John Lund Drive,4212,-27.86905039,153.377878,M090366AU1-399-10430,29535
260,Main Beach,59 Pacific Street,4217,-27.9781408,153.4276735,M090408AU1-397-21948,5320
261,Main Beach,59 Pacific Street,4217,-27.9781408,153.4276735,M090408AU1-400-21948,5241
262,Main Beach,Woodroffe Avenue,4217,-27.9796822,153.4252618,M090420AU1-397-10451,5320
263,Main Beach,Woodroffe Avenue,4217,-27.9796822,153.4252618,M090420AU1-398-10451,5320
264,Main Beach,Woodroffe Avenue,4217,-27.9796822,153.4252618,M090420AU1-399-10451,5241
265,Biggera Waters,Marine Parade and Burrows Street,4216,-27.8335086,153.4213208,M090442AU1-400-22028,29535
266,Arundel,29 Melbourne Street,4214,-27.9429985,153.3856237,M090523AU1-400-627,5467
267,Main Beach,59 Pacific Street,4217,-27.9781408,153.4276735,M090539AU1-397-22217,5320
268,Main Beach,1 Lennie Avenue,4217,-27.9775034,153.427186,M090614AU1-399-22154,5241
269,Robina,Robina Town Centre Drive,4226,-28.080224,153.3839491,M090796AU1-397-22850,5237
270,Robina,Robina Town Centre Drive,4226,-28.080224,153.3839491,M090796AU1-398-22850,5237
271,Surfers Paradise,26 The Esplanade,4217,-28.00658656,153.4170171,M090830AU1-400-6224,5258
272,Coolangatta,88 Marine Parade,4225,-28.1674652,153.5392522,M090884AU1-398-22715,1049
273,Coolangatta,88 Marine Parade,4225,-28.1674652,153.5392522,M090885AU1-397-22715,1049
274,Coolangatta,88 Marine Parade,4225,-28.1674652,153.5392522,M090885AU1-398-22715,1049
275,Coolangatta,88 Marine Parade,4225,-28.1674652,153.5392522,M090885AU1-399-22715,5630
276,Coolangatta,88 Marine Parade,4225,-28.1674652,153.5392522,M090885AU1-400-22715,5630
277,Broadbeach,2 Federation Street,4218,-28.026653,153.4325149,M090906AU1-397-1202,5258
278,Runaway Bay,54-56 Shearwater Esplanade,4216,-27.90843635,153.407386,M090930AU1-398-23236,29535
279,Runaway Bay,54-56 Shearwater Esplanade,4216,-27.90843635,153.407386,M090930AU1-400-23236,29535
280,Main Beach,Seaworld Drive,4217,-27.9670886,153.4269858,M090960AU1-397-22854,5320
281,Main Beach,Seaworld Drive,4217,-27.9670886,153.4269858,M090960AU1-398-22854,5320
282,Main Beach,Seaworld Drive,4217,-27.9670886,153.4269858,M090960AU1-399-22854,5467
283,Main Beach,Seaworld Drive,4217,-27.9670886,153.4269858,M090960AU1-400-22854,5467
284,Carrara,Birmingham Road,4211,-27.9466238,153.3256128,M091063AU1-397-23874,5237
285,Southport,Nerang and Cougal Streets,4215,-27.97126891,153.4072968,M091067AU1-399-22917,5467
286,Burleigh Heads,12 Goodwin Terrace,4220,-28.09013718,153.4568812,M091086AU1-398-2964,5629
287,Coolangatta,5 Scott Street93000025564,4225,-28.17026198,153.5391815,M091169AU1-400-23530,1049
288,Robina,Robina Town Centre,4226,-28.0796192,153.3881251,M091287AU1-397-23771,5237
289,Robina,Robina Town Centre,4226,-28.0796192,153.3881251,M091287AU1-398-23771,5237
290,Robina,Robina Town Centre,4226,-28.0796192,153.3881251,M091287AU1-399-23771,5237
291,Robina,Robina Town Centre,4226,-28.0796192,153.3881251,M091287AU1-400-23771,5237
292,Southport,326 Marine Parade,4215,-27.9560361,153.4096651,M091301AU1-397-23703,29535
293,Southport,326 Marine Parade,4215,-27.9560361,153.4096651,M091301AU1-399-23703,29535
294,Paradise Waters,2 Admiralty Drive,4216,-27.8335086,153.4213208,M091336AU1-397-5175,5241
295,Merrimac,1 Fairway Drive,4226,-28.0328924,153.4030217,M091338AU1-397-4907,5237
296,Labrador,18-22 Parker Street,4215,-27.9391232,153.405887,M091342AU1-399-23782,29535
297,Main Beach,3566 Main Beach Parade,4217,-27.9790946,153.4289892,M091344AU1-398-23675,5467
298,Main Beach,3566 Main Beach Parade,4217,-27.9790946,153.4289892,M091344AU1-400-23675,5241
299,Burleigh heads,Matilda Street,4220,-28.0987918,153.4454813,M091365AU1-399-24630,5629
300,Surfers Paradise,31 Thornton Street,4217,-28.0105513,153.4295441,M091376AU1-398-6058,5258
301,Surfers Paradise,31 Thornton Street,4217,-28.0105513,153.4295441,M091376AU1-400-6058,5258
302,Tweed Heads,Brett Street,2485,-28.1778602,153.5409291,M091389AU1-400-23760,1049
303,Southport,10 Cloyne Road,4215,-27.9657861,153.4131764,M091390AU1-397-24008,5320
304,Tweed Heads,145 Wharf Street,2485,-28.1786297,153.5409341,M091478AU1-398-24769,1049
305,Varsity Lakes,98 University Drive,4227,-28.0768416,153.4105104,M091547AU1-399-24296,5237
306,Varsity Lakes,98 University Drive,4227,-28.0768416,153.4105104,M091547AU1-400-24296,5237
307,Broadbeach,2651 Gold Coast Highway,4218,-28.0333847,153.4310338,M091680AU1-399-24067,5629
308,Surfers Paradise,3 Clifford Street,4217,-28.0061176,153.4311433,M091714AU1-397-5173,5258
309,Surfers Paradise,3 Clifford Street,4217,-28.0061176,153.4311433,M091714AU1-398-5173,5258
310,Surfers Paradise,3 Clifford Street,4217,-28.0061176,153.4311433,M091714AU1-399-5173,5258
311,Surfers Paradise,3 Clifford Street,4217,-28.0061176,153.4311433,M091714AU1-400-5173,5258
312,Surfers Paradise,3 Clifford Street,4217,-28.0061176,153.4311433,M091714AU2-398-5173,5258
313,Labrador,212-214 Marine Parade,4215,-27.95289618,153.4092721,M091770AU1-398-24614,5320
314,Burleigh Heads,100 The Esplanade,4220,-28.0842062,153.4497625,M091781AU1-399-2292,5629
315,Coomera,346 Colman Road,4209,-27.8298353,153.3767979,M091794AU1-399-24892,29535
316,Coolangatta,Dutton Street and Marine Parade,4225,-28.1683513,153.5384803,M091924AU1-398-4167,1049
317,Coolangatta,Dutton Street and Marine Parade,4225,-28.1683513,153.5384803,M091924AU1-400-4167,5630
318,Surfers Paradise,3046 Gold Coast Highway,4217,-28.0054369,153.4280733,M092011AU1-397-5448,5258
319,Surfers Paradise,3046 Gold Coast Highway,4217,-28.0054369,153.4280733,M092011AU1-399-5448,5258
320,Labrador,52 Imperial Parade,4215,-27.943751,153.4050741,M092057AU1-400-26251,29535
321,Coolangatta,Marine and McLean Street,4225,-28.1683513,153.5384803,M092314AU1-397-25230,1049
322,Coolangatta,Marine and McLean Street,4225,-28.1683513,153.5384803,M092314AU1-399-25230,5630
323,Kingscliff,Gunnamatta Avenue,2487,-28.2736228,153.5079997,M092354AU1-397-25495,1049
324,Kingscliff,Gunnamatta Avenue,2487,-28.2736228,153.5079997,M092354AU1-398-25495,1049
325,Main Beach,3655 Main Beach Parade,4217,-27.97496619,153.4260058,M092418AU1-398-25104,5320
326,Southport,5 Hicks Street,4215,-27.9657292,153.4129579,M092422AU1-400-26453,5467
327,Varsity Lakes,251 Varsity Parade,4227,-28.0776308,153.4164931,M092441AU1-397-24683,5237
328,Varsity Lakes,251 Varsity Parade,4227,-28.0776308,153.4164931,M092441AU1-398-24683,5237
329,Varsity Lakes,251 Varsity Parade,4227,-28.0776308,153.4164931,M092441AU1-399-24683,5237
330,Varsity Lakes,251 Varsity Parade,4227,-28.0776308,153.4164931,M092441AU1-400-24683,5237
331,Marine Parade,Macarthur Parade,4217,-27.9742049,153.4275366,M092478AU1-398-25657,5320
332,Marine Parade,Macarthur Parade,4217,-27.9742049,153.4275366,M092478AU1-400-25657,5467
333,Broadbeach,Alexandra and Mermaid Avenue,4218,-28.0475893,153.4082633,M092492AU1-398-25330,5258
334,Broadbeach,Alexandra and Mermaid Avenue,4218,-28.0475893,153.4082633,M092492AU1-399-25330,5629
335,Broadbeach,Alexandra and Mermaid Avenue,4218,-28.0475893,153.4082633,M092492AU1-400-25330,5629
336,Runaway Bay,17 Bayview Street,4216,-27.92392457,153.4039474,M092592AU1-399-26560,29535
337,Varsity Lakes Robina,University Drive,4227,-28.0768416,153.4105104,M092661AU1-400-25685,5237
338,Varsity Lakes,23 Main Street,4227,-28.0795438,153.4099136,M092752AU1-397-27323,5237
339,Nerang,Gilston Road and New Street,4211,-27.9466238,153.3256128,M092785AU1-399-25693,5467
340,Hope Island,Rialto Quay Drive,4212,-27.8537757,153.360322,M092812AU1-398-26786,29535
341,South Kingscliff,"Bells Boulevard, Salt Village",2487,-28.2768833,153.5773332,M092887AU1-397-27724,1049
342,South Kingscliff,"Bells Boulevard, Salt Village",2487,-28.2768833,153.5773332,M092887AU1-398-27724,1049
343,South Kingscliff,"Bells Boulevard, Salt Village",2487,-28.2768833,153.5773332,M092887AU1-400-27724,1049
344,South Kingscliff,"Bells Boulevard, Salt Village",2487,-28.2768833,153.5773332,M092888AU1-397-25696,1049
345,South Kingscliff,"Bells Boulevard, Salt Village",2487,-28.2768833,153.5773332,M092888AU1-398-25696,1049
346,South Kingscliff,"Bells Boulevard, Salt Village",2487,-28.2768833,153.5773332,M092888AU1-400-25696,1049
347,Varsity Lakes,10 Valbonne Avenue,4227,-28.0921171,153.4061158,M092889AU1-397-27734,5237
348,Varsity Lakes,10 Valbonne Avenue,4227,-28.0921171,153.4061158,M092889AU1-399-27734,5237
349,Surfers Paradise,70 Rememberance Drive,4217,-28.0056235,153.4279965,M092932AU1-397-5703,5258
350,Surfers Paradise,70 Rememberance Drive,4217,-28.0056235,153.4279965,M092932AU1-399-5703,5258
351,Surfers Paradise,70 Rememberance Drive,4217,-28.0056235,153.4279965,M092932AU1-400-5703,5258
352,Southport,Parklands Drive,4215,-27.9673072,153.4145154,M092941AU1-397-9859,29535
353,Southport,Parklands Drive,4215,-27.9673072,153.4145154,M092941AU1-398-9859,29535
354,Southport,Parklands Drive,4215,-27.9673072,153.4145154,M092941AU1-399-9859,29535
355,Varsity Lakes,Lot 9 Varsity Parade,4227,-28.0839143,153.4026871,M092951AU1-397-26445,5237
356,Varsity Lakes,Lot 9 Varsity Parade,4227,-28.0839143,153.4026871,M092951AU1-399-26445,5237
357,Mermaid Beach,116-118 Albatross Avenue,4218,-28.05244554,153.4396475,M092985AU1-399-254,5629
358,Varsity Lakes,235 Varsity Parade,4227,-28.0779275,153.4154154,M093012AU1-397-23727,5237
359,Varsity Lakes,235 Varsity Parade,4227,-28.0779275,153.4154154,M093012AU1-400-23727,5237
360,Kingscliff,Salt Village,2487,-28.2736228,153.5079997,M093057AU1-397-26724,1049
361,Varsity Lakes,240 Varsity Parade,4227,-28.0776871,153.4156535,M093064AU1-398-26783,5237
362,Varsity Lakes,240 Varsity Parade,4227,-28.0776871,153.4156535,M093064AU1-400-26783,5237
363,Tugan,468 - 470 Coolangatta Road,4224,-28.14656298,153.4967283,M093065AU1-397-26652,5629
364,Tugan,468 - 470 Coolangatta Road,4224,-28.14656298,153.4967283,M093065AU1-399-26652,1049
365,Tweed Heads,6-8 Stuart Street,2485,-28.1696161,153.5421658,M093067AU1-397-26590,5629
366,Tweed Heads,6-8 Stuart Street,2485,-28.1696161,153.5421658,M093067AU1-399-26590,5630
367,Robina,510 Christine Avenue,4226,-28.08469315,153.3924354,M093084AU1-398-26963,5237
368,Biggera Waters,Marine Parade,4216,-27.93222091,153.4060187,M093086AU1-397-26627,29535
369,Biggera Waters,Marine Parade,4216,-27.93222091,153.4060187,M093086AU1-400-26627,29535
370,Southport,50 Marine Parade,4215,-27.9672719,153.4165113,M093307AU1-397-25494,5320
371,Southport,50 Marine Parade,4215,-27.9672719,153.4165113,M093308AU1-398-25494,5320
372,Tweed Heads,10 McGregor Crescent,2485,-28.17440341,153.5434614,M093323AU1-397-27188,1049
373,Beaudesert,Brisbane & Short Streets,4285,-27.98092995,152.9946992,M093390AU1-398-1111170944,29535
374,Beaudesert,Brisbane & Short Streets,4285,-27.98092995,152.9946992,M093390AU1-400-27550,5467
375,Varsity Lakes,Lot 102 Lake Orr Drive,4227,-28.0756236,153.4206712,M093398AU1-397-26962,5237
376,Varsity Lakes,Lot 102 Lake Orr Drive,4227,-28.0756236,153.4206712,M093398AU1-399-26962,5237
377,Southport,15-17 Lloyd Street,4215,-27.9650112,153.4071536,M093432AU1-397-26985,5320
378,Southport,15-17 Lloyd Street,4215,-27.9650112,153.4071536,M093432AU1-399-26985,5467
379,Surfers Paradise,3070 Gold Coast Highway,4217,-28.0053479,153.4280348,M093478AU1-398-448,5241
380,Surfers Paradise,3070 Gold Coast Highway,4217,-28.0053479,153.4280348,M093478AU1-400-448,5258
381,Hollywell,323 Bayview Street,4216,-27.894729,153.3986312,M093513AU1-397-27578,29535
382,Hollywell,323 Bayview Street,4216,-27.894729,153.3986312,M093513AU1-398-27578,29535
383,Hollywell,323 Bayview Street,4216,-27.894729,153.3986312,M093513AU1-400-27578,29535
384,Southport,52-56 Queen Street,4215,-27.9730301,153.4143461,M093561AU1-399-27373,5467
385,Kingscliff,1-3 Murphys Road,2487,-28.2381432,153.5663176,M093605AU1-397-27658,1049
386,Kingscliff,1-3 Murphys Road,2487,-28.2381432,153.5663176,M093605AU1-399-27658,1049
387,Kingscliff,1-3 Murphys Road,2487,-28.2381432,153.5663176,M093605AU1-400-27658,1049
388,Tweed Heads,Keith Compton Drive,2485,-28.1838401,153.5466538,M093614AU1-398-10092,1049
389,Burleigh,Gold Coast Highway & Esplanade,4822,-20.7294558,143.1416956,M093637AU1-397-27654,5629
390,Runaway Bay,5 Canal Avenue,4216,-27.91938889,153.4055362,M093638AU1-400-25784,29535
391,Carrara,The Boulevard Emerald Lakes,4211,-28.0168966,153.3735431,M093645AU1-397-27581,5237
392,Carrara,The Boulevard Emerald Lakes,4211,-28.0168966,153.3735431,M093645AU1-398-27581,5237
393,Carrara,The Boulevard Emerald Lakes,4211,-28.0168966,153.3735431,M093645AU1-399-27581,5237
394,Carrara,The Boulevard Emerald Lakes,4211,-28.0168966,153.3735431,M093645AU1-400-27581,5237
395,Emerald Lakes,3030 The Boulevarde,4211,-28.0168966,153.3735431,M093645AU2-397-29828,5237
396,Emerald Lakes,3030 The Boulevarde,4211,-28.0168966,153.3735431,M093645AU2-398-29828,5237
397,Emerald Lakes,3030 The Boulevarde,4211,-28.0168966,153.3735431,M093645AU2-399-29828,5237
398,Emerald Lakes,3030 The Boulevarde,4211,-28.0168966,153.3735431,M093645AU2-400-29828,5237
399,Miami,1934-1946 Gold Coast Highway,4220,-28.07401217,153.4445001,M093648AU1-399-28357,5629
400,Kingscliff,Marine Parade. & Seaview Street,2487,-28.2736228,153.5079997,M093649AU1-397-27189,1049
401,Emerald Island,Lot 5037 Ellery Island Drive,4211,-27.9466238,153.3256128,M093650AU1-398-29003,5237
402,Palm Beach,20 Jefferson Lane,4221,-28.124199,153.475568,M093662AU1-398-26995,5629
403,Palm Beach,20 Jefferson Lane,4221,-28.124199,153.475568,M093662AU1-400-26995,1049
404,Tweed Heads,"22 William Street, Tweed Heads",2485,-28.1868997,153.5228386,M093668AU1-399-27712,1049
405,Labrador,11 Parker Street 93000019971,4215,-27.9391232,153.405887,M093697AU1-399-22753,29535
406,Sanctuary Cove,2104 The Circle,4212,-27.86139211,153.3788909,M093702AU1-398-26989,29535
407,Sanctuary Cove,2104 The Circle,4212,-27.86139211,153.3788909,M093702AU1-400-26989,29535
408,Surfers Paradise,70 Ferney Avenue and Cypress Avenue,4217,-28.0011707,153.4283167,M093747AU1-398-26924,5241
409,Surfers Paradise,70 Ferney Avenue and Cypress Avenue,4217,-28.0011707,153.4283167,M093747AU1-400-26924,5258
410,Coolangatta,110 Marine Parade,4225,-28.1678255,153.5415008,M093758AU1-398-27428,5629
411,Coolangatta,110 Marine Parade,4225,-28.1678255,153.5415008,M093758AU1-400-27428,5630
412,Varsity,Lot 12-1 Varsity Parade,4227,-28.0839143,153.4026871,M093777AU1-399-27729,5237
413,Tweed Heads,2 Hill Street,2485,-28.166515,153.549922,M093788AU1-398-27430,1049
414,Broadbeach,4 St Kilda Avenue,4218,-28.02128119,153.4306515,M093790AU1-399-29922,5629
415,Broadbeach,179 Old Burleigh Road,4218,-28.0325417,153.4345853,M093795AU1-398-392,5258
416,Coolangatta,110 Marine Parade,4225,-28.1678255,153.5415008,M093798AU1-397-27428,5629
417,Coolangatta,110 Marine Parade,4225,-28.1678255,153.5415008,M093798AU1-399-27428,5630
418,Carrara,Birmingham Road,4211,-27.9466238,153.3256128,M093801AU1-397-23874,5237
419,Surfers Paradise,30 Laycock Street,4217,-28.0048769,153.4291363,M093824AU1-400-29814,5258
420,Broadbeach,22-28 Surf Parade,4218,-28.0341303,153.4322494,M093833AU1-397-27732,5258
421,Broadbeach,22-28 Surf Parade,4218,-28.0341303,153.4322494,M093833AU1-400-27732,5629
422,Robina,60 Riverwalk Avenue,4226,-28.07765961,153.380584,M093838AU1-398-28502,5237
423,Robina,60 Riverwalk Avenue,4226,-28.07765961,153.380584,M093838AU1-399-28502,5237
424,Robina,60 Riverwalk Avenue,4226,-28.07765961,153.380584,M093838AU1-400-28502,5237
425,Tweed Heads,1 Powell Street,2485,-28.175188,153.544134,M093858AU1-398-28793,1049
426,Surfers Paradise,7 Mallana Street,4217,-28.0060971,153.4235354,M093874AU1-399-1890,5258
427,Hope Island,66 Sickle & Sheehan Avenues,4212,-27.8537757,153.360322,M093948AU1-397-26990,29535
428,Hope Island,66 Sickle & Sheehan Avenues,4212,-27.8537757,153.360322,M093948AU1-398-26990,29535
429,Hope Island,66 Sickle & Sheehan Avenues,4212,-27.8537757,153.360322,M093948AU1-400-26990,29535
430,Varsity Lakes,19 Lake Street,4227,-28.07713104,153.4144435,M094021AU1-398-28632,5237
431,Varsity Lakes,19 Lake Street,4227,-28.07713104,153.4144435,M094021AU1-400-28632,5237
432,Tugun,399 Golden Four Drive,4224,-28.14629687,153.4977892,M094057AU1-399-28482,1049
433,Robina,14 University Drive,4226,-28.0722791,153.4153916,M094061AU1-397-28599,5237
434,Robina,14 University Drive,4226,-28.0722791,153.4153916,M094061AU1-399-28599,5237
435,Nerang,34 Nerang Street,4211,-27.9899557,153.3376807,M094069AU1-400-29097,5467
436,Beaudesert,14  Brooklands Drive,4285,-27.99603588,153.0196955,M094089AU1-398-28501,29535
437,Emerald Lakes Carrara,The Boulevard,4211,-28.0168966,153.3735431,M094121AU1-400-28796,5237
438,Emerald Lakes Carrara,The Boulevard,4211,-28.0168966,153.3735431,M094122AU1-399-29259,5237
439,Emerald Lakes Carrara,The Boulevard,4211,-28.0168966,153.3735431,M094122AU1-400-29259,5237
440,Burleigh,Gold Coast Highway & Esplanade Burleigh,4822,-20.7294558,143.1416956,M094123AU1-398-29129,5629
441,Gold Coast,20-24 Hughes Street,4217,-27.9780434,153.4255566,M094146AU1-399-28694,5467
442,Robina,2 Riverwalk Avenue,4226,-28.077164,153.3793487,M094154AU1-399-29098,5237
443,Varsity Lakes,154 Varsity Parade,4227,-28.0809026,153.4098916,M094163AU1-398-29207,5237
444,Robina,2 Investigator Drive,4226,-28.0741287,153.3769897,M094164AU1-397-29496,5237
445,Robina,38 Riverwalk Avenue,4226,-28.07941765,153.3821556,M094220AU1-397-29389,5237
446,Robina,38 Riverwalk Avenue,4226,-28.07941765,153.3821556,M094220AU1-398-29389,5237
447,Robina,38 Riverwalk Avenue,4226,-28.07941765,153.3821556,M094220AU1-400-29389,5237
448,Ashmore,1 Edmund Rice Drive,2486,-27.9764719,153.3842702,M094243AU1-398-30697,5320
449,Robina,Laver Drive,4226,-28.077164,153.3793487,M094322AU1-398-29581,5237
450,Bilinga,239 Golden Four Drive,4225,-28.15653841,153.5070589,M094325AU1-397-30315,5629
451,Bilinga,239 Golden Four Drive,4225,-28.15653841,153.5070589,M094325AU1-400-30315,1049
452,Helensvale,Lindfield Road,4212,-27.9203587,153.3296745,M094338AU1-397-28980,29535
453,Helensvale,Lindfield Road,4212,-27.9203587,153.3296745,M094338AU1-399-28980,5467
454,Varsity Lakes,7 Moores Crescent,4227,-28.079088,153.4137202,M094358AU1-397-30301,5237
455,Varsity Lakes,7 Moores Crescent,4227,-28.079088,153.4137202,M094358AU1-399-30301,5237
456,Burleigh Heads,106-108 The Esplanade,4220,-28.0842062,153.4497625,M094368AU1-398-29910,5629
457,Burleigh Heads,106-108 The Esplanade,4220,-28.0842062,153.4497625,M094368AU1-399-29910,5629
458,Burleigh Heads,106-108 The Esplanade,4220,-28.0842062,153.4497625,M094368AU1-400-29910,5629
459,Kirra,Musgrave & Douglas Street,4225,-28.1683513,153.5384803,M094380AU1-397-29332,5629
460,Kirra,Musgrave & Douglas Street,4225,-28.1683513,153.5384803,M094380AU1-399-29332,5630
461,Kirra,Musgrave & Douglas Street,4225,-28.1683513,153.5384803,M094381AU1-397-31103,5629
462,Kirra,Musgrave & Douglas Street,4225,-28.1683513,153.5384803,M094381AU1-399-31103,5630
463,Labrador,300 Marine Parade,4215,-27.94506011,153.4101219,M094382AU1-398-31039,29535
464,Labrador,300 Marine Parade,4215,-27.94506011,153.4101219,M094382AU1-399-31039,29535
465,Labrador,300 Marine Parade,4215,-27.94506011,153.4101219,M094382AU1-400-31039,29535
466,Robina,22 Ben Lexcen Place,4226,-28.0669978,153.4165346,M094401AU1-397-29440,5237
467,Robina,22 Ben Lexcen Place,4226,-28.0669978,153.4165346,M094401AU1-398-29440,5237
468,Robina,22 Ben Lexcen Place,4226,-28.0669978,153.4165346,M094401AU1-399-29440,5237
469,Robina,22 Ben Lexcen Place,4226,-28.0669978,153.4165346,M094401AU1-400-29440,5237
470,Surfers Paradise,4 The Esplanade,4217,-28.00802913,153.4178795,M094403AU1-397-29629,5241
471,Surfers Paradise,4 The Esplanade,4217,-28.00802913,153.4178795,M094403AU1-398-29629,5241
472,Surfers Paradise,4 The Esplanade,4217,-28.00802913,153.4178795,M094403AU1-399-29629,5320
473,Surfers Paradise,4 The Esplanade,4217,-28.00802913,153.4178795,M094403AU1-400-29629,5320
474,Surfers Paradise,4 The Esplanade,4217,-28.00802913,153.4178795,M094403AU2-398-29629,5241
475,Surfers Paradise,4 The Esplanade,4217,-28.00802913,153.4178795,M094403AU2-399-29629,5320
476,Varsity Lakes,Varsity Parade,4227,-28.0809026,153.4098916,M094421AU1-400-31111,5237
477,Helensvale,Lindfield Road,4212,-27.9203587,153.3296745,M094436AU1-397-31233,29535
478,Helensvale,Lindfield Road,4212,-27.9203587,153.3296745,M094436AU1-399-31233,5467
479,Cabarita,768 Casuarina Way,2488,-33.8435496,151.1166388,M094574AU1-398-30741,1049
480,Burleigh Waters,261-283 Reedy Creek Road,4220,-28.1016671,153.4338849,M094576AU1-400-30767,5237
481,Carrara,Emerald Island Drive,4211,-28.0174457,153.3771027,M094594AU1-400-30809,5237
482,Burleigh Heads,22-28 The Esplanade,4220,-28.0861693,153.4507434,M094648AU1-400-31405,5629
1049Thome,Broadbeach Waters,12 Alaska Avenue,4218,-28.030336,153.403252,1049Thome,1049
5237Thome,Palm Beach,418 Cypress Terrace,4221,-28.104892,153.461403,5237Thome,5237
5241Thome,Parkwood Heights,31 Inverness Way,4214,-27.953372,153.376648,5241Thome,5241
5258Thome,Mermaid Waters,15 Tartan Court,4218,-28.04632,153.420161,5258Thome,5258
5320Thome,Parkwood,61 Daintree Drive,4214,-27.949808,153.353281,5320Thome,5320
5467Thome,Broadbeach Waters,7/ 2-10  T E Peters Drive,4218,-28.028164,153.426047,5467Thome,5467
5629Thome,Mermaid Waters,155 Markeri Street,4218,-28.046667,153.420124,5629Thome,5629
5630Thome,Tallebudgera,195 Tallebudgera Creek Road,4228,-28.1260414,153.4255251,5630Thome,5630
29535Thome,Carrara,13 Angaston Avenue,4211,-28.006297,153.353613,29535Thome,29535
483,Paradise Waters,2 Admiralty Drive,4216,-27.8335086,153.4213208,C1849656,5241
484,Broadbeach,179 Old Burleigh Road,4218,-28.0325417,153.4345853,C1849694,5237
485,Southport,33 Scarborough Street,4215,-27.97101078,153.4152087,C1849707,5320
486,Surfers Paradise,Gold Coast Highway and Staghorn Street,4217,-28.0011707,153.4283167,C1849785,5467
487,Carrara,Emerald Island Drive,4211,-28.0174457,153.3771027,C1849796,5237
488,Emerald Lakes Carrara,The Boulevard,4211,-28.0168966,153.3735431,C1849797,5237
489,Emerald Lakes Carrara,The Boulevard,4211,-28.0168966,153.3735431,C1849797,5467
490,Surfers Paradise,3032 Gold Coast Highway,4217,-28.0054369,153.4280733,C1849820,5467
491,Surfers Paradise,3051 Gold Coast Highway,4217,-28.0054369,153.4280733,C1849881,5237
492,Surfers Paradise,5-19 Palm Avenue,4217,-27.995944,153.4282739,C1849886,5467
493,Burleigh Heads,29 Hill Avenue,4220,-28.0920427,153.4490784,C1849899,5237
494,Kirra,Musgrave & Douglas Street,4225,-28.1683513,153.5384803,C1849948,5467
495,Gold Coast,20-24 Hughes Street,4217,-27.9780434,153.4255566,C1849963,5237
496,Varsity Lakes,251 Varsity Parade,4227,-28.0776308,153.4164931,C1849998,5237
497,Biggera Waters,Marine Parade and Taylor Street,4216,-27.8335086,153.4213208,C1850037,29535
498,Main Beach,3488 Main Beach Parade,4217,-27.9833366,153.4292688,C1850041,5467
499,Coolangatta,Marine Parade and Warner Street,4225,-28.1683513,153.5384803,C1850078,5629
500,Southport,10 Cloyne Road,4215,-27.9657861,153.4131764,C1850135,5320
501,Broadbeach,1 Britannia Avenue,4218,-28.0233321,153.4339627,C1850202,5237
502,Southport,"Scarborough and Nerang Streets
93000020628/633",4215,-27.96594633,153.413278,C1850248,29535
503,Mermaid Beach,116-118 Albatross Avenue,4218,-28.05244554,153.4396475,C1850287,5629
504,Main Beach,22 Montgomery Avenue,4217,-27.9758107,153.425641,C1850289,5320
505,Main Beach,22 Montgomery Avenue,4217,-27.9758107,153.425641,C1850289,29535
506,Southport,Parklands Drive,4215,-27.9673072,153.4145154,C1850306,5467
507,Southport,154A Scarborough Street,4215,-27.9636481,153.4115004,C1850358,29535
508,Main Beach,3488 Main Beach Parade,4217,-27.9833366,153.4292688,C1850368,5467
509,Southport,Parklands Drive,4215,-27.9673072,153.4145154,C1850376,29535
510,Coolangatta,88 Marine Parade,4225,-28.1674652,153.5392522,C1850397,1049
511,Coolangatta,110 Marine Parade,4225,-28.1678255,153.5415008,C1850405,5629
512,Surfers Paradise,Gold Coast Highway and Staghorn Street,4217,-28.0011707,153.4283167,C1850496,5467
513,Tweed Heads,Florence Street,2485,-28.1754507,153.5395358,C1850507,1049
514,Broadbeach,1 Britannia Avenue,4218,-28.0233321,153.4339627,C1850516,5237
515,Rainbow Bay,184-190 Marine Parade,4225,-28.1649557,153.5470277,C1850527,1049
516,Surfers Paradise,72-80 The  Esplanade,4217,-28.0045258,153.4175183,C1850633,1049
517,Southport,Nerang and Cougal Streets,4215,-27.97126891,153.4072968,C1850690,5320
518,Southport,Nerang and Cougal Streets,4215,-27.97126891,153.4072968,C1850690,29535
519,Southport,"Scarborough and Nerang Streets
93000020628/633",4215,-27.96594633,153.413278,C1850708,29535
520,Mudgeeraba,Somerset Drive and Springbrook Road,4213,-28.0229543,153.3477387,C1850736,5237
521,Coolangatta,72-80 Marine Parade,4225,-28.1674652,153.5392522,C1850829,1049
522,Main Beach,3488 Main Beach Parade,4217,-27.9833366,153.4292688,C1850833,5467
523,Tweed Heads,Wharf Street,2485,-28.17360924,153.5425965,C1850903,5629
524,Surfers Paradise,Gold Coast Highway and Staghorn Street,4217,-28.0011707,153.4283167,C1850904,5467
525,Southport,"Scarborough and Nerang Streets
93000020628/633",4215,-27.96594633,153.413278,C1851072,29535
526,Southport,50 Marine Parade,4215,-27.9672719,153.4165113,C1851106,5320
527,Tweed Heads,4 Minjungbal Drive,2485,-28.1868997,153.5228386,C1851116,1049
528,Runaway Bay,5 Canal Avenue,4216,-27.91938889,153.4055362,C1851118,29535
529,Surfers Paradise,18 Aubrey Street,4217,-28.01127135,153.4307177,C1851158,5241
530,Tweed Heads,5 Wharf Street,2485,-28.1686769,153.5437225,C1851172,1049
531,Broadbeach,167 Old Burleigh Road,4218,-28.0306876,153.4342526,C1851182,5237
532,Broadbeach,179 Old Burleigh Road,4218,-28.0325417,153.4345853,C1851219,5237
533,Coolangatta,72-80 Marine Parade,4225,-28.1674652,153.5392522,C1851220,1049
534,Surfers Paradise,9 Beach Road,4217,-28.0026147,153.427622,C1851234,5241
535,Main Beach,Seaworld Drive,4217,-27.9670886,153.4269858,C1851279,1049
536,Surfers Paradise,Gold Coast Highway and Staghorn Street,4217,-28.0011707,153.4283167,C1851283,1049
537,Surfers Paradise,Gold Coast Highway and Staghorn Street,4217,-28.0011707,153.4283167,C1851283,5467
538,Southport,Nerang and Cougal Streets,4215,-27.97126891,153.4072968,C1851353,29535
539,Labrador,212-214 Marine Parade,4215,-27.95289618,153.4092721,C1851358,5320
540,Southport,326 Marine Parade,4215,-27.9560361,153.4096651,C1851364,29535
541,Surfers Paradise,3-15 Orchid Avenue,4217,-28.0008978,153.4295646,C1851413,5241
542,Mudgeeraba,Somerset Drive and Springbrook Road,4213,-28.0229543,153.3477387,C1851436,5237
543,Surfers Paradise,4 The Esplanade,4217,-28.00802913,153.4178795,C1851524,5241
544,Coolangatta,1 Tweed Terrace,4225,-28.1649735,153.5505646,C1851528,1049
545,Labrador,212-214 Marine Parade,4215,-27.95289618,153.4092721,C1851596,5237
546,Tweed Heads,Wharf Street,2485,-28.17360924,153.5425965,C1851614,1049
547,Hope Harbour,John Lund Drive,4212,-27.86905039,153.377878,C1851631,5237
548,Surfers Paradise,3032 Gold Coast Highway,4217,-28.0054369,153.4280733,C1851647,1049
549,Surfers Paradise,158 Ferny Avenue,4217,-27.9913368,153.4281193,C1851648,5237
550,Tweed Heads,Florence Street,2485,-28.1754507,153.5395358,C1851710,1049
551,Surfers Paradise,Gold Coast Highway and Staghorn Street,4217,-28.0011707,153.4283167,C1851761,1049
552,Surfers Paradise,Cavill Avenue,#N/A,-28.001808,153.4284536,C1851767,5237
553,Surfers Paradise,Gold Coast Highway and Staghorn Street,4217,-28.0011707,153.4283167,C1851785,5237
554,Tweed Heads,Wharf Street,2485,-28.17360924,153.5425965,C1851793,5237
555,Main Beach,3 Tedder Avenue,4217,-27.9812536,153.4245809,C1851814,1049
556,Hollywell,323 Bayview Street,4216,-27.894729,153.3986312,C1851902,29535
557,Main Beach,Tedder and Lennie Avenue,4217,-28.0011707,153.4283167,C1851920,5241
558,Main Beach,Tedder and Lennie Avenue,4217,-28.0011707,153.4283167,C1851920,5467
559,Main Beach,3 Tedder Avenue,4217,-27.9812536,153.4245809,C1851923,5241
560,Tweed Heads,Wharf Street,2485,-28.17360924,153.5425965,C1851931,1049
561,Broadbeach,179 Old Burleigh Road,4218,-28.0325417,153.4345853,C1851945,5258
562,Rainbow Bay,5 Eden Avenue,4225,-28.1644025,153.5497185,C1851999,5629
563,Surfers Paradise,64 Ferny Avenue,4217,-27.99725499,153.4273724,C1852011,5241
564,Surfers Paradise,Gold Coast Highway and Staghorn Street,4217,-28.0011707,153.4283167,C1852018,5467
565,Burleigh Heads,22-28 The Esplanade,4220,-28.0861693,153.4507434,C1852029,5237
566,Broadbeach,1 Britannia Avenue,4218,-28.0233321,153.4339627,C1852032,5258
567,Tweed Heads,Florence Street,2485,-28.1754507,153.5395358,C1852037,1049
568,Surfers Paradise,Gold Coast Highway and Staghorn Street,4217,-28.0011707,153.4283167,C1852064,5467
569,Labrador,212-214 Marine Parade,4215,-27.95289618,153.4092721,C1852076,5320
570,Nobby Beach,2 Lavarack Road,4218,-28.0589018,153.4418898,C1852144,5258
571,Hope Island,66 Sickle & Sheehan Avenues,4212,-27.8537757,153.360322,C1852157,5320
572,Hope Island,66 Sickle & Sheehan Avenues,4212,-27.8537757,153.360322,C1852157,29535
573,Surfers Paradise,31 Thornton Street,4217,-28.0105513,153.4295441,C1852207,5237
574,Surfers Paradise,4 The Esplanade,4217,-28.00802913,153.4178795,C1852285,5241
575,Helensvale,Lindfield Road,4212,-27.9203587,153.3296745,C1852322,5467
576,Southport,Nerang and Cougal Streets,4215,-27.97126891,153.4072968,C1852325,5467
577,Southport,50 Marine Parade,4215,-27.9672719,153.4165113,C1852347,5241
578,Southport,326 Marine Parade,4215,-27.9560361,153.4096651,C1852386,29535
579,Coolangatta,72-80 Marine Parade,4225,-28.1674652,153.5392522,C1852422,1049
580,Surfers Paradise,114 The Esplanade,4217,-28.0045258,153.4175183,C1852611,5467
581,Main Beach,Seaworld Drive,4217,-27.9670886,153.4269858,C1852619,29535
582,Coolangatta,"5 Scott Street
93000025564",4225,-28.1683513,153.5384803,C1852635,1049
583,Surfers Paradise,2-18 Riverview Parade,4217,-27.9981163,153.4267001,C1852641,5241
584,Gold Coast,20-24 Hughes Street,4217,-27.9780434,153.4255566,C1852669,5241
585,Gold Coast,20-24 Hughes Street,4217,-27.9780434,153.4255566,C1852669,29535
586,Southport,Nerang and Cougal Streets,4215,-27.97126891,153.4072968,C1852698,5467
587,Burleigh Heads,170 The Esplanade,4220,-28.0802477,153.4482839,C1852717,5629
588,Surfers Paradise,Gold Coast Highway and Staghorn Street,4217,-28.0011707,153.4283167,C1852749,5467
589,Broadbeach,1 Britannia Avenue,4218,-28.0233321,153.4339627,C1852765,5258
590,Southport,7-11 Short Street,4215,-27.9702509,153.4161497,C1852778,5467
591,Broadbeach,Alexandra and Mermaid Avenue,4218,-28.0475893,153.4082633,C1852794,5237
592,Main Beach,3 Tedder Avenue,4217,-27.9812536,153.4245809,C1852816,5320
593,Main Beach,3 Tedder Avenue,4217,-27.9812536,153.4245809,C1852816,5467
594,Burleigh Heads,Sixth Avenue,4220,-28.0765085,153.4461261,C1852824,5237
595,Robina,2 Bayberry Lane,4226,-28.069815,153.3768341,C1852845,5237
596,Surfers Paradise,72-80 The  Esplanade,4217,-28.0045258,153.4175183,C1852890,5241
597,Southport,Nerang and Cougal Streets,4215,-27.97126891,153.4072968,C1852896,5320
598,Southport,7-11 Short Street,4215,-27.9702509,153.4161497,C1852945,5320
599,Southport,26 Marine Parade,4215,-27.9693409,153.4170884,C1852946,5320
600,Broadbeach,Alexandra and Mermaid Avenue,4218,-28.0475893,153.4082633,C1852975,5258
601,Southport,Nerang and Cougal Streets,4215,-27.97126891,153.4072968,C1853039,5320
602,Surfers Paradise,70 Rememberance Drive,4217,-28.0056235,153.4279965,C1853045,5258
603,Surfers Paradise,72-80 The  Esplanade,4217,-28.0045258,153.4175183,C1853096,1049
604,Robina,Robina Town Centre Drive,4226,-28.080224,153.3839491,C1853119,1049
605,Robina,Robina Town Centre Drive,4226,-28.080224,153.3839491,C1853119,5237
606,Main Beach,3488 Main Beach Parade,4217,-27.9833366,153.4292688,C1853158,5467
607,Surfers Paradise,Gold Coast Highway and Staghorn Street,4217,-28.0011707,153.4283167,C1853163,5853
608,Bundall,47 Ashmore Road,4217,-28.01043135,153.4064952,C1853211,5237
609,Surfers Paradise,50 Cavill Avenue,4217,-28.0015444,153.4268186,C1853217,5258
610,Surfers Paradise,30 Laycock Street,4217,-28.0048769,153.4291363,C1853221,5258
611,Surfers Paradise,Gold Coast Highway and Staghorn Street,4217,-28.0011707,153.4283167,C1853240,5853
612,Burleigh Heads,Sixth Avenue,4220,-28.0765085,153.4461261,C1853241,5629
613,Southport,"Scarborough and Nerang Streets
93000020628/633",4215,-27.96594633,153.413278,C1853242,5467
614,Paradise Waters,2 Admiralty Drive,4216,-27.8335086,153.4213208,C1853251,29535
615,Southport,26 Marine Parade,4215,-27.9693409,153.4170884,C1853394,5467
616,Burleigh Heads,106-108 The Esplanade,4220,-28.0842062,153.4497625,C1853423,5853
617,Surfers Paradise,72-80 The  Esplanade,4217,-28.0045258,153.4175183,C1853483,5258
618,Main Beach,59 Pacific Street,4217,-27.9781408,153.4276735,C1853517,5853
619,Surfers Paradise,Gold Coast Highway and Staghorn Street,4217,-28.0011707,153.4283167,C1853524,5258
620,Surfers Paradise,7 Fern Street,4217,-28.0132104,153.4309306,C1853529,5853
621,Surfers Paradise,7 Fern Street,4217,-28.0132104,153.4309306,C1853534,5853
622,Main Beach,3655 Main Beach Parade,4217,-27.97496619,153.4260058,C1853554,5853
623,Burleigh,Gold Coast Highway & Esplanade Burleigh,4822,-20.7294558,143.1416956,C1853569,5258
624,Burleigh,Gold Coast Highway & Esplanade Burleigh,4822,-20.7294558,143.1416956,C1853569,5853
625,Main Beach,1 Serisier Street,4217,-27.9823217,153.4265354,C1853573,5258
626,Surfers Paradise,2-18 Riverview Parade,4217,-27.9981163,153.4267001,C1853577,5258
627,Helensvale,Lindfield Road,4212,-27.9203587,153.3296745,C1853578,5258
628,Surfers Paradise,43 Enderly Avenue,4217,-28.0084029,153.4278925,C1853579,5258
629,Burleigh Heads,Sixth Avenue,4220,-28.0765085,153.4461261,C1853581,5237
630,Burleigh Heads,Sixth Avenue,4220,-28.0765085,153.4461261,C1853581,5258
631,Main Beach,3 Tedder Avenue,4217,-27.9812536,153.4245809,C1853585,5237
632,Main Beach,59 Pacific Street,4217,-27.9781408,153.4276735,C1853588,5237
633,Southport,326 Marine Parade,4215,-27.9560361,153.4096651,C1853589,5258
634,Surfers Paradise,5-19 Palm Avenue,4217,-27.995944,153.4282739,C1853592,5237
635,Surfers Paradise,72-80 The  Esplanade,4217,-28.0045258,153.4175183,C1853618,5853
636,Surfers Paradise,2-18 Riverview Parade,4217,-27.9981163,153.4267001,C1853632,5258
637,Main Beach,1 Serisier Street,4217,-27.9823217,153.4265354,C1853633,5258
638,Main Beach,1 Serisier Street,4217,-27.9823217,153.4265354,C1853633,5853
639,Surfers Paradise,29 Northcliffe Terrace,4217,-28.0077583,153.4312969,C1853664,5258
640,Burleigh Heads,2 Goodwin Terrace,4220,-28.090182,153.4571747,C1853668,5853
641,Surfers Paradise,70 Ferney Avenue and Cypress Avenue,4217,-28.0011707,153.4283167,C1853680,5258
642,Surfers Paradise,114 The Esplanade,4217,-28.0045258,153.4175183,C1853682,5853
643,Robina,2 Riverwalk Avenue,4226,-28.077164,153.3793487,C1853686,5258
644,Robina,60 Riverwalk Avenue,4226,-28.07765961,153.380584,C1853689,5853
645,Varsity,Lot 12-1 Varsity Parade,4227,-28.0839143,153.4026871,C1853704,5258
646,Hope Island,66 Sickle & Sheehan Avenues,4212,-27.8537757,153.360322,C1853708,5853
647,Broadbeach,Alexandra and Mermaid Avenue,4218,-28.0475893,153.4082633,C1853715,5629
648,Surfers Paradise,5-19 Palm Avenue,4217,-27.995944,153.4282739,C1853722,5258
649,Labrador,212-214 Marine Parade,4215,-27.95289618,153.4092721,C1853784,29535
650,Surfers Paradise,9 Beach Road,4217,-28.0026147,153.427622,C1853787,5258
651,Main Beach,3488 Main Beach Parade,4217,-27.9833366,153.4292688,C1853863,5241
652,Biggera Waters,Marine Parade and Burrows Street,4216,-27.8335086,153.4213208,C1853906,29535
653,Surfers Paradise,50 Cavill Avenue,4217,-28.0015444,153.4268186,C1853935,5258
654,Surfers Paradise,5-19 Palm Avenue,4217,-27.995944,153.4282739,C1853944,5320
655,Surfers Paradise,70 Rememberance Drive,4217,-28.0056235,153.4279965,C1853980,5258
656,Southport,Nerang and Cougal Streets,4215,-27.97126891,153.4072968,C1853986,5241
657,Arundel,29 Melbourne Street,4214,-27.9429985,153.3856237,C1853989,29535
658,Main Beach,3544 Main Beach Parade,4217,-27.9808439,153.4290673,C1854050,5853
659,Surfers Paradise,Gold Coast Highway and Staghorn Street,4217,-28.0011707,153.4283167,C1854081,5853
660,Surfers Paradise,Gold Coast Highway and Staghorn Street,4217,-28.0011707,153.4283167,C1854103,5853
661,Kingscliff,Gunnamatta Avenue,2487,-28.2736228,153.5079997,C1854137,5630
662,Surfers Paradise,40 Ferny Avenue,4217,-27.9993389,153.4270175,C1854143,5320
663,Coolangatta,72-80 Marine Parade,4225,-28.1674652,153.5392522,C1854152,1049
664,Surfers Paradise,9 Beach Road,4217,-28.0026147,153.427622,C1854172,5629
665,Broadbeach,Alexandra and Mermaid Avenue,4218,-28.0475893,153.4082633,C1854226,5629
666,Southport,Nerang and Cougal Streets,4215,-27.97126891,153.4072968,C1854246,5467
667,Varsity Lakes,251 Varsity Parade,4227,-28.0776308,153.4164931,C1854287,5237
668,Southport,10 Cloyne Road,4215,-27.9657861,153.4131764,C1854296,5467
669,Coolangatta,Marine Parade and Warner Street,4225,-28.1683513,153.5384803,C1854307,5630
670,Helensvale,Lindfield Road,4212,-27.9203587,153.3296745,C1854372,5467
671,Surfers Paradise,72-80 The  Esplanade,4217,-28.0045258,153.4175183,C1854381,5258
672,Surfers Paradise,7 Mallana Street,4217,-28.0060971,153.4235354,C1854394,5258
673,Surfers Paradise,1 Paradise Island,4217,-28.005414,153.4264169,C1854399,5258
674,Surfers Paradise,Cavill Avenue,#N/A,-28.001808,153.4284536,C1854402,5258
675,Surfers Paradise,Cavill Avenue,#N/A,-28.001808,153.4284536,C1854402,5853
676,Surfers Paradise,Gold Coast Highway and Staghorn Street,4217,-28.0011707,153.4283167,C1854407,5258
677,Surfers Paradise,114 The Esplanade,4217,-28.0045258,153.4175183,C1854413,5258
678,Main Beach,3655 Main Beach Parade,4217,-27.97496619,153.4260058,C1854426,5258
679,Surfers Paradise,26 Old Burleigh Road,4217,-28.01453112,153.4315882,C1854427,5853
680,Surfers Paradise,26 Old Burleigh Road,4217,-28.01453112,153.4315882,C1854430,5853
681,Miami,1934-1946 Gold Coast Highway,4220,-28.07401217,153.4445001,C1854431,5258
682,Surfers Paradise,30 Laycock Street,4217,-28.0048769,153.4291363,C1854451,5258
683,Southport,Nerang and Cougal Streets,4215,-27.97126891,153.4072968,C1854477,29535
684,Southport,26 Marine Parade,4215,-27.9693409,153.4170884,C1854516,5467
685,Southport,26 Marine Parade,4215,-27.9693409,153.4170884,C1854516,29535
686,Surfers Paradise,5-19 Palm Avenue,4217,-27.995944,153.4282739,C1854525,5320
687,Surfers Paradise,72-80 The  Esplanade,4217,-28.0045258,153.4175183,C1854530,5241
688,Surfers Paradise,29 Northcliffe Terrace,4217,-28.0077583,153.4312969,C1854573,5258
689,Surfers Paradise,60 The Esplanade,4217,-28.00558398,153.4179549,C1854628,5241
690,Helensvale,Lindfield Road,4212,-27.9203587,153.3296745,C1854672,5467
691,Coolangatta,72-80 Marine Parade,4225,-28.1674652,153.5392522,C1854678,1049
692,Surfers Paradise,3-15 Orchid Avenue,4217,-28.0008978,153.4295646,C1854682,5258
693,Coolangatta,Dutton Street and Marine Parade,4225,-28.1683513,153.5384803,C1854697,5630
694,Labrador,300 Marine Parade,4215,-27.94506011,153.4101219,C1854710,29535
695,Robina,Robina Town Centre Drive,4226,-28.080224,153.3839491,C1854711,5237
696,Burleigh Heads,22-28 The Esplanade,4220,-28.0861693,153.4507434,C1854747,5629
697,Coolangatta,72-80 Marine Parade,4225,-28.1674652,153.5392522,C1854749,1049
698,Surfers Paradise,158 Ferny Avenue,4217,-27.9913368,153.4281193,C1854766,5853
699,Surfers Paradise,1 Paradise Island,4217,-28.005414,153.4264169,C1854772,5853
700,Southport,Nerang and Cougal Streets,4215,-27.97126891,153.4072968,C1854838,5467
701,Southport,Nerang and Cougal Streets,4215,-27.97126891,153.4072968,C1854838,29535
702,Southport,"Scarborough and Nerang Streets
93000020628/633",4215,-27.96594633,153.413278,C1854899,5467
703,Coolangatta,Marine and McLean Street,4225,-28.1683513,153.5384803,C1854900,5630
704,Hollywell,323 Bayview Street,4216,-27.894729,153.3986312,C1854902,29535
705,Main Beach,3488 Main Beach Parade,4217,-27.9833366,153.4292688,C1854954,5241
706,Southport,"Scarborough and Nerang Streets
93000020628/633",4215,-27.96594633,153.413278,C1855052,5467
707,Hope Island,66 Sickle & Sheehan Avenues,4212,-27.8537757,153.360322,C1855057,5258
708,Burleigh Heads,35 Connor Street,4220,-28.0903017,153.4516396,C1855087,5258
709,Hope Island,66 Sickle & Sheehan Avenues,4212,-27.8537757,153.360322,C1855092,29535
710,Surfers Paradise,43 Enderly Avenue,4217,-28.0084029,153.4278925,C1855170,5258
711,Surfers Paradise,4 The Esplanade,4217,-28.00802913,153.4178795,C1855174,5320
712,Surfers Paradise,4 The Esplanade,4217,-28.00802913,153.4178795,C1855174,5241
713,Surfers Paradise,204 Ferny Avenue,4217,-27.9900417,153.4288117,C1855198,5241
714,Bundall,47 Ashmore Road,4217,-28.01043135,153.4064952,C1855229,5629
715,Coolangatta,72-80 Marine Parade,4225,-28.1674652,153.5392522,C1855270,1049
716,Surfers Paradise,1 Paradise Island,4217,-28.005414,153.4264169,C1855274,5258
717,Labrador,212-214 Marine Parade,4215,-27.95289618,153.4092721,C1855342,29535
718,Surfers Paradise,5-19 Palm Avenue,4217,-27.995944,153.4282739,C1855474,5320
719,Surfers Paradise,26 Old Burleigh Road,4217,-28.01453112,153.4315882,C1855481,29535
720,Surfers Paradise,114 The Esplanade,4217,-28.0045258,153.4175183,C1855495,5320
721,Burleigh Heads,22-28 The Esplanade,4220,-28.0861693,153.4507434,C1855545,5320
722,Burleigh Heads,22-28 The Esplanade,4220,-28.0861693,153.4507434,C1855545,29535
723,Surfers Paradise,30 Laycock Street,4217,-28.0048769,153.4291363,C1855557,5320
724,Broadbeach,179 Old Burleigh Road,4218,-28.0325417,153.4345853,C1855560,29535
725,Burleigh Heads,Sixth Avenue,4220,-28.0765085,153.4461261,C1855635,5320
726,Surfers Paradise,158 Ferny Avenue,4217,-27.9913368,153.4281193,C1855674,29535
727,Biggera Waters,Marine Parade,4216,-27.93222091,153.4060187,C1855679,5320
728,Burleigh,Gold Coast Highway & Esplanade,4822,-20.7294558,143.1416956,C1855716,29535
729,Surfers Paradise,9 Beach Road,4217,-28.0026147,153.427622,C1855790,5320
730,Main Beach,3655 Main Beach Parade,4217,-27.97496619,153.4260058,C1855829,29535
731,Main Beach,20 Cronin Avenue,4217,-27.9804925,153.4251153,C1855852,29535
732,Southport,326 Marine Parade,4215,-27.9560361,153.4096651,C1855861,29535
733,Main Beach,3488 Main Beach Parade,4217,-27.9833366,153.4292688,C1855871,5320
734,Main Beach,1 Hughes Avenue,4217,-27.9781703,153.427053,C1855921,5320
735,Broadbeach,7-9 Broadbeach,4218,-28.0197998,153.4332954,C1855932,5629
736,Coolangatta,16 Eden Avenue,4225,-28.16500718,153.5483015,C1855940,5630
737,Main Beach,3510 Main Beach Parade,4217,-27.9816831,153.4291027,C1855990,5320
738,Varsity Lakes,154 Varsity Parade,4227,-28.0809026,153.4098916,C1856010,5629
739,Mudgeeraba,Somerset Drive,4213,-28.0918287,153.3720323,C1856035,5629
740,Surfers Paradise,46 Cavill Avenue,4217,-28.00160298,153.427182,C1856053,5320
741,Robina,Robina Town Centre,4226,-28.0796192,153.3881251,C1856092,5320
742,Southport,52-56 Queen Street,4215,-27.9730301,153.4143461,C1856096,29535
743,Main Beach,3566 Main Beach Parade,4217,-27.9790946,153.4289892,C1856118,5320
744,Surfers Paradise,72-80 The  Esplanade,4217,-28.0045258,153.4175183,C1856127,29535
745,Varsity Lakes,154 Varsity Parade,4227,-28.0809026,153.4098916,C1856181,5630
746,Southport,"Scarborough and Nerang Streets
93000020628/633",4215,-27.96594633,153.413278,C1856193,29535
747,Robina,2 Bayberry Lane,4226,-28.069815,153.3768341,C1856199,5258
748,Southport,26 Marine Parade,4215,-27.9693409,153.4170884,C1856217,29535
749,Main Beach,3488 Main Beach Parade,4217,-27.9833366,153.4292688,C1856230,5241
750,Main Beach,59 Pacific Street,4217,-27.9781408,153.4276735,C1856246,5320
751,Coolangatta,Marine and McLean Street,4225,-28.1683513,153.5384803,C1856248,5630
752,Burleigh,Gold Coast Highway & Esplanade,4822,-20.7294558,143.1416956,C1856254,5629
753,Surfers Paradise,158 Ferny Avenue,4217,-27.9913368,153.4281193,C1856278,5467
754,Southport,"Scarborough and Nerang Streets
93000020628/633",4215,-27.96594633,153.413278,C1856285,29535
755,Bundall,146 Bundall Road,4217,-28.0005385,153.4141875,C1856295,5258
756,Main Beach,3655 Main Beach Parade,4217,-27.97496619,153.4260058,C1856309,5467
757,Surfers Paradise,7 Mallana Street,4217,-28.0060971,153.4235354,C1856383,5241
758,Broadbeach,Alexandra and Mermaid Avenue,4218,-28.0475893,153.4082633,C1856428,5320
759,Coolangatta,72-80 Marine Parade,4225,-28.1674652,153.5392522,C1856516,5630
760,Southport,26 Marine Parade,4215,-27.9693409,153.4170884,C1856528,5467
761,Main Beach,3655 Main Beach Parade,4217,-27.97496619,153.4260058,C1856538,5467
762,Robina,2 Bayberry Lane,4226,-28.069815,153.3768341,C1856655,5629
763,Tweed Heads,Florence Street,2485,-28.1754507,153.5395358,C1856667,1049
764,Tweed Heads,Florence Street,2485,-28.1754507,153.5395358,C1856667,5630
765,Main Beach,1 Serisier Street,4217,-27.9823217,153.4265354,C1856699,5241
766,Arundel,29 Melbourne Street,4214,-27.9429985,153.3856237,C1856725,5467
767,Biggera Waters,3 Parr Street,4216,-27.9329544,153.4062859,C1856733,29535
768,Main Beach,3655 Main Beach Parade,4217,-27.97496619,153.4260058,C1856758,5320
769,Southport,26 Marine Parade,4215,-27.9693409,153.4170884,C1856760,5467
770,Surfers Paradise,31 Thornton Street,4217,-28.0105513,153.4295441,C1856812,29535
771,Tweed Heads,6-8 Stuart Street,2485,-28.1696161,153.5421658,C1856819,5320
772,Surfers Paradise,4 Staghorn Avenue,4217,-27.995065,153.4289246,C1856851,5241
773,Surfers Paradise,40 Ferny Avenue,4217,-27.9993389,153.4270175,C1856904,5258
774,Southport,"Scarborough and Nerang Streets
93000020628/633",4215,-27.96594633,153.413278,C1856909,5320
775,Labrador,224 Marine Parade,4215,-27.95150866,153.4092805,C1856949,5241
776,Hope Island,Rialto Quay Drive,4212,-27.8537757,153.360322,C1857040,29535
777,Tweed Heads,Florence Street,2485,-28.1754507,153.5395358,C1857041,1049
778,Surfers Paradise,114 The Esplanade,4217,-28.0045258,153.4175183,C1857110,5241
779,Surfers Paradise,5-19 Palm Avenue,4217,-27.995944,153.4282739,C1857120,5320
780,Surfers Paradise,2-18 Riverview Parade,4217,-27.9981163,153.4267001,C1857142,5241
781,Surfers Paradise,1 Paradise Island,4217,-28.005414,153.4264169,C1857143,5467
782,Tweed Heads,Florence Street,2485,-28.1754507,153.5395358,C1857267,1049
783,Kingscliff,Gunnamatta Avenue,2487,-28.2736228,153.5079997,C1857289,1049
784,Broadbeach,16 Queensland Avenue,4218,-28.0271464,153.4326081,C1857294,5630
785,Kirra,Musgrave & Douglas Street,4225,-28.1683513,153.5384803,C1857306,5630
786,Main Beach,73 Seaworld Drive,4217,-27.96801569,153.42699,C1857390,5467
787,Bundall,146 Bundall Road,4217,-28.0005385,153.4141875,C1857415,5630
788,Tweed Heads,Florence Street,2485,-28.1754507,153.5395358,C1857441,1049
789,Robina,Robina Town Centre,4226,-28.0796192,153.3881251,C1857457,5630
790,Surfers Paradise,114 The Esplanade,4217,-28.0045258,153.4175183,C1857511,1049
791,Tweed Heads,Wharf Street,2485,-28.17360924,153.5425965,C1857547,1049
792,Robina,2 Bayberry Lane,4226,-28.069815,153.3768341,F015121AU1-398-1111161105,5237
793,Surfers Paradise,"68 Ferny Avenue
93000020448",4217,-28.0011707,153.4283167,F015151AU1-398-7269,5241
794,Surfers Paradise,Cavill Avenue,#N/A,-28.001808,153.4284536,F015266AU1-400-31341,5320
795,Surfers Paradise,Cavill Avenue,#N/A,-28.001808,153.4284536,FB0488AU-398-31341,5241
796,Surfers Paradise,Cavill Avenue,#N/A,-28.001808,153.4284536,FB0488AU-400-31341,5320
797,Lismore,Dally Street,#N/A,-28.821284,153.2909791,R92260-400-3955,7001
798,Main Beach,3 Tedder Avenue,4217,-27.9812536,153.4245809,R97107-397-5760,490
799,Main Beach,3 Tedder Avenue,4217,-27.9812536,153.4245809,R97107-397-5760,7001
800,Paradise Waters,2 Admiralty Drive,4216,-27.8335086,153.4213208,R97146-397-5175,29535
801,Coolangatta,Marine Parade and Warner Street,4225,-28.1683513,153.5384803,R97253-397-3954,1049
802,Surfers Paradise,72-80 The  Esplanade,4217,-28.0045258,153.4175183,R97308-397-5174,5241
803,Surfers Paradise,72-80 The  Esplanade,4217,-28.0045258,153.4175183,R97308-397-5174,29535
804,Surfers Paradise,158 Ferny Avenue,4217,-27.9913368,153.4281193,R97349-397-927,490
805,Surfers Paradise,158 Ferny Avenue,4217,-27.9913368,153.4281193,R97349-397-927,7001
806,Southport,Nerang and Cougal Streets,4215,-27.97126891,153.4072968,R97384-397-22917,490
807,Southport,Nerang and Cougal Streets,4215,-27.97126891,153.4072968,R97384-397-22917,7001
808,Surfers Paradise,Gold Coast Highway and Staghorn Street,4217,-28.0011707,153.4283167,R97385-397-5685,5853
809,Surfers Paradise,Gold Coast Highway and Staghorn Street,4217,-28.0011707,153.4283167,R97421-397-5685,5467
810,Bundall,47 Ashmore Road,4217,-28.01043135,153.4064952,R97438-397-7257,29535
811,Bundall,47 Ashmore Road,4217,-28.01043135,153.4064952,R97458-397-7257,490
812,Bundall,47 Ashmore Road,4217,-28.01043135,153.4064952,R97458-397-7257,29535
813,Tweed Heads,Florence Street,2485,-28.1754507,153.5395358,R97607-398-4367,1049
814,Hollywell,323 Bayview Street,4216,-27.894729,153.3986312,R97683-398-27578,29535
815,Coolangatta,1 Tweed Terrace,4225,-28.1649735,153.5505646,R97777-398-7206,5629
816,Surfers Paradise,Gold Coast Highway and Staghorn Street,4217,-28.0011707,153.4283167,R97969-398-5685,5853
817,Main Beach,59 Pacific Street,4217,-27.9781408,153.4276735,R98056-399-21948,490
818,Main Beach,59 Pacific Street,4217,-27.9781408,153.4276735,R98056-399-21948,5853
819,Hope Island,66 Sickle & Sheehan Avenues,4212,-27.8537757,153.360322,R98078-399-26990,29535
820,Surfers Paradise,9 Beach Road,4217,-28.0026147,153.427622,R98096-399-3975,5241
821,Surfers Paradise,Gold Coast Highway and Staghorn Street,4217,-28.0011707,153.4283167,R98160-399-5685,5320
822,Tugun,650 Pacific Parade,4224,-28.13798609,153.4930524,R98216-399-1517,5630
823,Surfers Paradise,9 Beach Road,4217,-28.0026147,153.427622,R98217-399-3975,5241
824,Surfers Paradise,70 Rememberance Drive,4217,-28.0056235,153.4279965,R98236-399-5703,5258
825,Surfers Paradise,158 Ferny Avenue,4217,-27.9913368,153.4281193,R98265-399-927,490
826,Surfers Paradise,158 Ferny Avenue,4217,-27.9913368,153.4281193,R98265-399-927,5853
827,Surfers Paradise,30 Laycock Street,4217,-28.0048769,153.4291363,R98298-399-29814,5258
828,Southport,Nerang and Cougal Streets,4215,-27.97126891,153.4072968,R98374-399-22917,5320
829,Burleigh,Gold Coast Highway & Esplanade Burleigh,4822,-20.7294558,143.1416956,R98380-399-29129,5629
830,Southport,"Scarborough and Nerang Streets
93000020628/633",4215,-27.96594633,153.413278,R98505-399-7258,5320
831,Hope Island,66 Sickle & Sheehan Avenues,4212,-27.8537757,153.360322,R98506-399-26990,5320
832,Surfers Paradise,Gold Coast Highway and Staghorn Street,4217,-28.0011707,153.4283167,R98508-399-5685,5853
833,Hollywell,323 Bayview Street,4216,-27.894729,153.3986312,R98509-399-27578,29535
834,Hollywell,323 Bayview Street,4216,-27.894729,153.3986312,R98509-400-27578,29535
835,Arundel,29 Melbourne Street,4214,-27.9429985,153.3856237,R98511-399-627,5467
836,Coolangatta,Marine Parade and Warner Street,4225,-28.1683513,153.5384803,R98526-400-3954,1049
837,Coolangatta,Marine Parade and Warner Street,4225,-28.1683513,153.5384803,R98526-400-3954,5630
838,Biggera Waters,Marine Parade,4216,-27.93222091,153.4060187,R98574-400-26627,490
839,Biggera Waters,Marine Parade,4216,-27.93222091,153.4060187,R98574-400-26627,5629
840,Biggera Waters,Marine Parade,4216,-27.93222091,153.4060187,R98574-400-26627,5630
841,Biggera Waters,Marine Parade,4216,-27.93222091,153.4060187,R98574-400-26627,7001
842,Biggera Waters,Marine Parade,4216,-27.93222091,153.4060187,R98632-400-26627,5320
843,Biggera Waters,Marine Parade,,-27.93222091,153.4060187,R98632-400-26627,29535
844,Robina,Robina Town Centre,4226,-28.0796192,153.3881251,R98662-400-23771,5630
845,Surfers Paradise,Gold Coast Highway and Staghorn Street,4217,-28.0011707,153.4283167,R98706-400-5685,5320
846,Surfers Paradise,Gold Coast Highway and Staghorn Street,4217,-28.0011707,153.4283167,R98706-400-5685,5853
847,Main Beach,3488 Main Beach Parade,4217,-27.9833366,153.4292688,R98708-400-7242,5320
848,Surfers Paradise,158 Ferny Avenue,4217,-27.9913368,153.4281193,R98724-400-927,5467
849,Robina,Robina Town Centre,4226,-28.0796192,153.3881251,R98755-400-23771,5629
850,Lismore,McKenzie Street,#N/A,-28.81148753,153.289594,R98760-400-22590,7001
851,Surfers Paradise,1 Paradise Island,4217,-28.005414,153.4264169,R98783-400-182,490
852,Southport,"Scarborough and Nerang Streets
93000020628/633",4215,-27.96594633,153.413278,R98784-400-7258,490
853,Ashmore,"Heeb and Benowa Roads
93000020519/536",4214,-27.9964875,153.3927039,R98833-400-7273,5467
854,Southport,26 Marine Parade,4215,-27.9693409,153.4170884,R98834-400-5763,5467
855,Southport,"Scarborough and Nerang Streets
93000020628/633",4215,-27.96594633,153.413278,R98838-400-7258,5467
856,Southport,26 Marine Parade,4215,-27.9693409,153.4170884,R98869-400-5763,5320
857,Coolangatta,Marine Parade and Warner Street,4225,-28.1683513,153.5384803,R98938-400-3954,5630
858,Tweed Heads,Wharf Street,2485,-28.17360924,153.5425965,R98939-400-4616,5630
859,Surfers Paradise,60 The Esplanade,4217,-28.00558398,153.4179549,RC22-399-4884,490
860,Surfers Paradise,60 The Esplanade,4217,-28.00558398,153.4179549,RC22-399-4884,5241
861,Scarborough,141 Flinders Parade,#N/A,-27.2083148,153.1160393,RC40-399-26984,490
862,Scarborough,141 Flinders Parade,#N/A,-27.2083148,153.1160393,RC40-399-26984,5241
863,Surfers Paradise,60 The Esplanade,4217,-28.00558398,153.4179549,RC40-399-4884,490
864,Surfers Paradise,60 The Esplanade,4217,-28.00558398,153.4179549,RC40-399-4884,5241
865,Surfers Paradise,Gold Coast Highway and Staghorn Street,4217,-28.0011707,153.4283167,T3338646-398-5685,5853
866,Surfers Paradise,Gold Coast Highway and Staghorn Street,4217,-28.0011707,153.4283167,T3338647-400-5685,5853
867,Burleigh Heads,12 Goodwin Terrace,4220,-28.09013718,153.4568812,T3338669-397-2964,490
868,Burleigh Heads,12 Goodwin Terrace,4220,-28.09013718,153.4568812,T3338669-397-2964,7001
869,Tweed Heads South,Soorley Street,2486,-28.20473214,153.5472459,T3338723-398-1261,5320
870,Tweed Heads South,Soorley Street,2486,-28.20473214,153.5472459,T3338723-398-1261,5853
871,Surfers Paradise,158 Ferny Avenue,4217,-27.9913368,153.4281193,T3338727-397-927,490
872,Surfers Paradise,158 Ferny Avenue,4217,-27.9913368,153.4281193,T3338727-397-927,5853
873,Surfers Paradise,158 Ferny Avenue,4217,-27.9913368,153.4281193,T3338727-397-927,7001
874,Surfers Paradise,158 Ferny Avenue,4217,-27.9913368,153.4281193,T3338727-398-927,490
875,Surfers Paradise,158 Ferny Avenue,4217,-27.9913368,153.4281193,T3338727-398-927,7001
876,Surfers Paradise,158 Ferny Avenue,4217,-27.9913368,153.4281193,T3338727-399-927,490
877,Surfers Paradise,158 Ferny Avenue,4217,-27.9913368,153.4281193,T3338727-399-927,5853
878,Surfers Paradise,158 Ferny Avenue,4217,-27.9913368,153.4281193,T3338727-400-927,490
879,Surfers Paradise,158 Ferny Avenue,4217,-27.9913368,153.4281193,T3338727-400-927,7001
880,Surfers Paradise,1 Paradise Island,4217,-28.005414,153.4264169,T3338731-397-182,5853
881,Surfers Paradise,1 Paradise Island,4217,-28.005414,153.4264169,T3338731-399-182,5853
882,Surfers Paradise,Gold Coast Highway and Staghorn Street,4217,-28.0011707,153.4283167,T3338734-399-5685,5853
883,Surfers Paradise,Gold Coast Highway and Staghorn Street,4217,-28.0011707,153.4283167,T3338734-400-5685,5853
884,Main Beach,3655 Main Beach Parade,4217,-27.97496619,153.4260058,T3338756-397-25104,7001
885,Surfers Paradise,Gold Coast Highway and Staghorn Street,4217,-28.0011707,153.4283167,T3338763-400-5685,5853
886,Main Beach,73 Seaworld Drive,4217,-27.96801569,153.42699,T3338764-398-3782,5853
887,Biggera Waters,Biggera Waters,4216,-27.8335086,153.4213208,T3338766-399-23680,5467
888,Surfers Paradise,30 Laycock Street,4217,-28.0048769,153.4291363,T3338781-399-29814,5258
889,Biggera Waters,3 Parr Street,4216,-27.9329544,153.4062859,T3338791-400-1906,5853
